formulation_id,source,source_row_id,formulation_label,active_ingredient_count,dmso_M,ectoin_M,ethylene_glycol_M,glycerol_M,propylene_glycol_M,trehalose_M,sucrose_M,raffinose_M,taurine_M,myo_inositol_M,methoxyphenyl_beta_d_glucopyranoside_M,betaine_M,proline_M,glucose_M,creatine_M,acetamide_M,sericin_pct,methylcellulose_pct,dextran_pct,pvp_pct,hyaluronic_acid_pct,fbs_pct,hsa_pct,human_serum_pct
legacy_lit_1,legacy_literature,1,1.41M dmso + 70.3mM ectoin + 300mM ethylene_glycol + 1mM taurine,4,1.407909893766799,0.0703432751828925,0.3,0.0,0.0,0.0,0.0,0.0,0.001,0.0,0.0,0.0,0.0,0.0,0.0,0.0,0.0,0.0,0.0,0.0,0.0,0.0,0.0,0.0
legacy_lit_2,legacy_literature,2,0.25mM trehalose,0,0.0,0.0,0.0,0.0,0.0,0.00025,0.0,0.0,0.0,0.0,0.0,0.0,0.0,0.0,0.0,0.0,0.0,0.0,0.0,0.0,0.0,0.0,0.0,0.0
legacy_lit_3,legacy_literature,3,704mM dmso,1,0.7039549468833995,0.0,0.0,0.0,0.0,0.0,0.0,0.0,0.0,0.0,0.0,0.0,0.0,0.0,0.0,0.0,0.0,0.0,0.0,0.0,0.0,0.0,0.0,0.0
legacy_lit_4,legacy_literature,4,1.41M dmso,1,1.407909893766799,0.0,0.0,0.0,0.0,0.0,0.0,0.0,0.0,0.0,0.0,0.0,0.0,0.0,0.0,0.0,0.0,0.0,0.0,0.0,0.0,0.0,0.0,0.0
legacy_lit_5,legacy_literature,5,704mM dmso + 20% fbs,2,0.7039549468833995,0.0,0.0,0.0,0.0,0.0,0.0,0.0,0.0,0.0,0.0,0.0,0.0,0.0,0.0,0.0,0.0,0.0,0.0,0.0,0.0,20.0,0.0,0.0
legacy_lit_6,legacy_literature,6,1.41M dmso + 20% fbs,2,1.407909893766799,0.0,0.0,0.0,0.0,0.0,0.0,0.0,0.0,0.0,0.0,0.0,0.0,0.0,0.0,0.0,0.0,0.0,0.0,0.0,0.0,20.0,0.0,0.0
legacy_lit_7,legacy_literature,7,1.41M dmso + 90% fbs,2,1.407909893766799,0.0,0.0,0.0,0.0,0.0,0.0,0.0,0.0,0.0,0.0,0.0,0.0,0.0,0.0,0.0,0.0,0.0,0.0,0.0,0.0,90.0,0.0,0.0
legacy_lit_8,legacy_literature,8,704mM dmso + 10% fbs,2,0.7039549468833995,0.0,0.0,0.0,0.0,0.0,0.0,0.0,0.0,0.0,0.0,0.0,0.0,0.0,0.0,0.0,0.0,0.0,0.0,0.0,0.0,10.0,0.0,0.0
legacy_lit_9,legacy_literature,9,1.5mM ethylene_glycol + 0.05mM sucrose + 0.05mM glucose,1,0.0,0.0,0.0015,0.0,0.0,0.0,5e-05,0.0,0.0,0.0,0.0,0.0,0.0,5e-05,0.0,0.0,0.0,0.0,0.0,0.0,0.0,0.0,0.0,0.0
legacy_lit_10,legacy_literature,10,1.41M dmso + 10% fbs,2,1.407909893766799,0.0,0.0,0.0,0.0,0.0,0.0,0.0,0.0,0.0,0.0,0.0,0.0,0.0,0.0,0.0,0.0,0.0,0.0,0.0,0.0,10.0,0.0,0.0
legacy_lit_12,legacy_literature,12,1.41M dmso + 4% hsa + 4% human_serum,3,1.407909893766799,0.0,0.0,0.0,0.0,0.0,0.0,0.0,0.0,0.0,0.0,0.0,0.0,0.0,0.0,0.0,0.0,0.0,0.0,0.0,0.0,0.0,4.0,4.0
legacy_lit_13,legacy_literature,13,282mM dmso,1,0.2815819787533598,0.0,0.0,0.0,0.0,0.0,0.0,0.0,0.0,0.0,0.0,0.0,0.0,0.0,0.0,0.0,0.0,0.0,0.0,0.0,0.0,0.0,0.0,0.0
legacy_lit_15,legacy_literature,15,141mM dmso + 4% hsa + 4% human_serum,3,0.1407909893766799,0.0,0.0,0.0,0.0,0.0,0.0,0.0,0.0,0.0,0.0,0.0,0.0,0.0,0.0,0.0,0.0,0.0,0.0,0.0,0.0,0.0,4.0,4.0
legacy_lit_16,legacy_literature,16,282mM dmso + 4% hsa + 4% human_serum,3,0.2815819787533598,0.0,0.0,0.0,0.0,0.0,0.0,0.0,0.0,0.0,0.0,0.0,0.0,0.0,0.0,0.0,0.0,0.0,0.0,0.0,0.0,0.0,4.0,4.0
legacy_lit_18,legacy_literature,18,352mM dmso + 30mM trehalose,2,0.3519774734416998,0.0,0.0,0.0,0.0,0.03,0.0,0.0,0.0,0.0,0.0,0.0,0.0,0.0,0.0,0.0,0.0,0.0,0.0,0.0,0.0,0.0,0.0,0.0
legacy_lit_19,legacy_literature,19,282mM dmso + 1.79M ethylene_glycol,2,0.2815819787533598,0.0,1.788303528274529,0.0,0.0,0.0,0.0,0.0,0.0,0.0,0.0,0.0,0.0,0.0,0.0,0.0,0.0,0.0,0.0,0.0,0.0,0.0,0.0,0.0
legacy_lit_20,legacy_literature,20,1.41M dmso + 2% dextran,2,1.407909893766799,0.0,0.0,0.0,0.0,0.0,0.0,0.0,0.0,0.0,0.0,0.0,0.0,0.0,0.0,0.0,0.0,0.0,2.0,0.0,0.0,0.0,0.0,0.0
legacy_lit_21,legacy_literature,21,493mM dmso + 1% hsa + 1% human_serum,3,0.4927684628183797,0.0,0.0,0.0,0.0,0.0,0.0,0.0,0.0,0.0,0.0,0.0,0.0,0.0,0.0,0.0,0.0,0.0,0.0,0.0,0.0,0.0,1.0,1.0
legacy_lit_22,legacy_literature,22,704mM dmso,1,0.7039549468833995,0.0,0.0,0.0,0.0,0.0,0.0,0.0,0.0,0.0,0.0,0.0,0.0,0.0,0.0,0.0,0.0,0.0,0.0,0.0,0.0,0.0,0.0,0.0
legacy_lit_27,legacy_literature,27,1.5mM ethylene_glycol + 0.05mM sucrose + 0.05mM glucose + 10% fbs,2,0.0,0.0,0.0015,0.0,0.0,0.0,5e-05,0.0,0.0,0.0,0.0,0.0,0.0,5e-05,0.0,0.0,0.0,0.0,0.0,0.0,0.0,10.0,0.0,0.0
legacy_lit_29,legacy_literature,29,1.41M dmso + 1.5mM ethylene_glycol + 0.05mM sucrose + 0.05mM glucose,2,1.407909893766799,0.0,0.0015,0.0,0.0,0.0,5e-05,0.0,0.0,0.0,0.0,0.0,0.0,5e-05,0.0,0.0,0.0,0.0,0.0,0.0,0.0,0.0,0.0,0.0
legacy_lit_30,legacy_literature,30,base cryopreservation medium only,0,0.0,0.0,0.0,0.0,0.0,0.0,0.0,0.0,0.0,0.0,0.0,0.0,0.0,0.0,0.0,0.0,0.0,0.0,0.0,0.0,0.0,0.0,0.0,0.0
legacy_lit_31,legacy_literature,31,141mM dmso,1,0.1407909893766799,0.0,0.0,0.0,0.0,0.0,0.0,0.0,0.0,0.0,0.0,0.0,0.0,0.0,0.0,0.0,0.0,0.0,0.0,0.0,0.0,0.0,0.0,0.0
legacy_lit_32,legacy_literature,32,282mM dmso,1,0.2815819787533598,0.0,0.0,0.0,0.0,0.0,0.0,0.0,0.0,0.0,0.0,0.0,0.0,0.0,0.0,0.0,0.0,0.0,0.0,0.0,0.0,0.0,0.0,0.0
legacy_lit_33,legacy_literature,33,422mM dmso,1,0.4223729681300397,0.0,0.0,0.0,0.0,0.0,0.0,0.0,0.0,0.0,0.0,0.0,0.0,0.0,0.0,0.0,0.0,0.0,0.0,0.0,0.0,0.0,0.0,0.0
legacy_lit_34,legacy_literature,34,563mM dmso,1,0.5631639575067197,0.0,0.0,0.0,0.0,0.0,0.0,0.0,0.0,0.0,0.0,0.0,0.0,0.0,0.0,0.0,0.0,0.0,0.0,0.0,0.0,0.0,0.0,0.0
legacy_lit_35,legacy_literature,35,704mM dmso,1,0.7039549468833995,0.0,0.0,0.0,0.0,0.0,0.0,0.0,0.0,0.0,0.0,0.0,0.0,0.0,0.0,0.0,0.0,0.0,0.0,0.0,0.0,0.0,0.0,0.0
legacy_lit_36,legacy_literature,36,845mM dmso,1,0.8447459362600794,0.0,0.0,0.0,0.0,0.0,0.0,0.0,0.0,0.0,0.0,0.0,0.0,0.0,0.0,0.0,0.0,0.0,0.0,0.0,0.0,0.0,0.0,0.0
legacy_lit_37,legacy_literature,37,986mM dmso,1,0.9855369256367597,0.0,0.0,0.0,0.0,0.0,0.0,0.0,0.0,0.0,0.0,0.0,0.0,0.0,0.0,0.0,0.0,0.0,0.0,0.0,0.0,0.0,0.0,0.0
legacy_lit_38,legacy_literature,38,1.13M dmso,1,1.126327915013439,0.0,0.0,0.0,0.0,0.0,0.0,0.0,0.0,0.0,0.0,0.0,0.0,0.0,0.0,0.0,0.0,0.0,0.0,0.0,0.0,0.0,0.0,0.0
legacy_lit_39,legacy_literature,39,1.27M dmso,1,1.2671189043901192,0.0,0.0,0.0,0.0,0.0,0.0,0.0,0.0,0.0,0.0,0.0,0.0,0.0,0.0,0.0,0.0,0.0,0.0,0.0,0.0,0.0,0.0,0.0
legacy_lit_41,legacy_literature,41,200mM sucrose,1,0.0,0.0,0.0,0.0,0.0,0.0,0.2,0.0,0.0,0.0,0.0,0.0,0.0,0.0,0.0,0.0,0.0,0.0,0.0,0.0,0.0,0.0,0.0,0.0
legacy_lit_43,legacy_literature,43,704mM dmso + 30% fbs,2,0.7039549468833995,0.0,0.0,0.0,0.0,0.0,0.0,0.0,0.0,0.0,0.0,0.0,0.0,0.0,0.0,0.0,0.0,0.0,0.0,0.0,0.0,30.0,0.0,0.0
legacy_lit_44,legacy_literature,44,70.4mM dmso + 99.5% hsa,2,0.0703954946883399,0.0,0.0,0.0,0.0,0.0,0.0,0.0,0.0,0.0,0.0,0.0,0.0,0.0,0.0,0.0,0.0,0.0,0.0,0.0,0.0,0.0,99.5,0.0
legacy_lit_45,legacy_literature,45,141mM dmso + 99% hsa,2,0.1407909893766799,0.0,0.0,0.0,0.0,0.0,0.0,0.0,0.0,0.0,0.0,0.0,0.0,0.0,0.0,0.0,0.0,0.0,0.0,0.0,0.0,0.0,99.0,0.0
legacy_lit_46,legacy_literature,46,282mM dmso + 98% hsa,2,0.2815819787533598,0.0,0.0,0.0,0.0,0.0,0.0,0.0,0.0,0.0,0.0,0.0,0.0,0.0,0.0,0.0,0.0,0.0,0.0,0.0,0.0,0.0,98.0,0.0
legacy_lit_47,legacy_literature,47,563mM dmso + 96% hsa,2,0.5631639575067197,0.0,0.0,0.0,0.0,0.0,0.0,0.0,0.0,0.0,0.0,0.0,0.0,0.0,0.0,0.0,0.0,0.0,0.0,0.0,0.0,0.0,96.0,0.0
legacy_lit_48,legacy_literature,48,704mM dmso + 95% hsa,2,0.7039549468833995,0.0,0.0,0.0,0.0,0.0,0.0,0.0,0.0,0.0,0.0,0.0,0.0,0.0,0.0,0.0,0.0,0.0,0.0,0.0,0.0,0.0,95.0,0.0
legacy_lit_49,legacy_literature,49,1.41M dmso + 90% hsa,2,1.407909893766799,0.0,0.0,0.0,0.0,0.0,0.0,0.0,0.0,0.0,0.0,0.0,0.0,0.0,0.0,0.0,0.0,0.0,0.0,0.0,0.0,0.0,90.0,0.0
legacy_lit_50,legacy_literature,50,2.11M dmso + 85% hsa,2,2.1118648406501985,0.0,0.0,0.0,0.0,0.0,0.0,0.0,0.0,0.0,0.0,0.0,0.0,0.0,0.0,0.0,0.0,0.0,0.0,0.0,0.0,0.0,85.0,0.0
legacy_lit_51,legacy_literature,51,2.82M dmso + 80% hsa,2,2.815819787533598,0.0,0.0,0.0,0.0,0.0,0.0,0.0,0.0,0.0,0.0,0.0,0.0,0.0,0.0,0.0,0.0,0.0,0.0,0.0,0.0,0.0,80.0,0.0
legacy_lit_52,legacy_literature,52,0.3mM trehalose,0,0.0,0.0,0.0,0.0,0.0,0.0003,0.0,0.0,0.0,0.0,0.0,0.0,0.0,0.0,0.0,0.0,0.0,0.0,0.0,0.0,0.0,0.0,0.0,0.0
legacy_lit_53,legacy_literature,53,0.6mM trehalose,0,0.0,0.0,0.0,0.0,0.0,0.0006,0.0,0.0,0.0,0.0,0.0,0.0,0.0,0.0,0.0,0.0,0.0,0.0,0.0,0.0,0.0,0.0,0.0,0.0
legacy_lit_54,legacy_literature,54,1mM trehalose,1,0.0,0.0,0.0,0.0,0.0,0.001,0.0,0.0,0.0,0.0,0.0,0.0,0.0,0.0,0.0,0.0,0.0,0.0,0.0,0.0,0.0,0.0,0.0,0.0
legacy_lit_55,legacy_literature,55,1.25mM trehalose,1,0.0,0.0,0.0,0.0,0.0,0.00125,0.0,0.0,0.0,0.0,0.0,0.0,0.0,0.0,0.0,0.0,0.0,0.0,0.0,0.0,0.0,0.0,0.0,0.0
legacy_lit_56,legacy_literature,56,1.37M glycerol,1,0.0,0.0,0.0,1.3682267347160386,0.0,0.0,0.0,0.0,0.0,0.0,0.0,0.0,0.0,0.0,0.0,0.0,0.0,0.0,0.0,0.0,0.0,0.0,0.0,0.0
legacy_lit_57,legacy_literature,57,2.74M glycerol,1,0.0,0.0,0.0,2.7364534694320772,0.0,0.0,0.0,0.0,0.0,0.0,0.0,0.0,0.0,0.0,0.0,0.0,0.0,0.0,0.0,0.0,0.0,0.0,0.0,0.0
legacy_lit_58,legacy_literature,58,4.1M glycerol,1,0.0,0.0,0.0,4.104680204148115,0.0,0.0,0.0,0.0,0.0,0.0,0.0,0.0,0.0,0.0,0.0,0.0,0.0,0.0,0.0,0.0,0.0,0.0,0.0,0.0
legacy_lit_59,legacy_literature,59,2.74M glycerol + 1mM trehalose,2,0.0,0.0,0.0,2.7364534694320772,0.0,0.001,0.0,0.0,0.0,0.0,0.0,0.0,0.0,0.0,0.0,0.0,0.0,0.0,0.0,0.0,0.0,0.0,0.0,0.0
legacy_lit_63,legacy_literature,63,1.06M dmso,1,1.0559324203250993,0.0,0.0,0.0,0.0,0.0,0.0,0.0,0.0,0.0,0.0,0.0,0.0,0.0,0.0,0.0,0.0,0.0,0.0,0.0,0.0,0.0,0.0,0.0
legacy_lit_65,legacy_literature,65,1.06M dmso,1,1.0559324203250993,0.0,0.0,0.0,0.0,0.0,0.0,0.0,0.0,0.0,0.0,0.0,0.0,0.0,0.0,0.0,0.0,0.0,0.0,0.0,0.0,0.0,0.0,0.0
legacy_lit_67,legacy_literature,67,1.36M propylene_glycol,1,0.0,0.0,0.0,0.0,1.361545538178473,0.0,0.0,0.0,0.0,0.0,0.0,0.0,0.0,0.0,0.0,0.0,0.0,0.0,0.0,0.0,0.0,0.0,0.0,0.0
legacy_lit_68,legacy_literature,68,1.02M propylene_glycol,1,0.0,0.0,0.0,0.0,1.021159153633855,0.0,0.0,0.0,0.0,0.0,0.0,0.0,0.0,0.0,0.0,0.0,0.0,0.0,0.0,0.0,0.0,0.0,0.0,0.0
legacy_lit_69,legacy_literature,69,1.41M dmso + 30% fbs,2,1.407909893766799,0.0,0.0,0.0,0.0,0.0,0.0,0.0,0.0,0.0,0.0,0.0,0.0,0.0,0.0,0.0,0.0,0.0,0.0,0.0,0.0,30.0,0.0,0.0
legacy_lit_70,legacy_literature,70,352mM dmso + 30% fbs,2,0.3519774734416998,0.0,0.0,0.0,0.0,0.0,0.0,0.0,0.0,0.0,0.0,0.0,0.0,0.0,0.0,0.0,0.0,0.0,0.0,0.0,0.0,30.0,0.0,0.0
legacy_lit_71,legacy_literature,71,352mM dmso + 30% fbs,2,0.3519774734416998,0.0,0.0,0.0,0.0,0.0,0.0,0.0,0.0,0.0,0.0,0.0,0.0,0.0,0.0,0.0,0.0,0.0,0.0,0.0,0.0,30.0,0.0,0.0
legacy_lit_74,legacy_literature,74,684mM glycerol + 20% fbs,2,0.0,0.0,0.0,0.6841133673580193,0.0,0.0,0.0,0.0,0.0,0.0,0.0,0.0,0.0,0.0,0.0,0.0,0.0,0.0,0.0,0.0,0.0,20.0,0.0,0.0
legacy_lit_75,legacy_literature,75,1.37M glycerol + 20% fbs,2,0.0,0.0,0.0,1.3682267347160386,0.0,0.0,0.0,0.0,0.0,0.0,0.0,0.0,0.0,0.0,0.0,0.0,0.0,0.0,0.0,0.0,0.0,20.0,0.0,0.0
legacy_lit_76,legacy_literature,76,30mM sucrose + 20% fbs,2,0.0,0.0,0.0,0.0,0.0,0.0,0.03,0.0,0.0,0.0,0.0,0.0,0.0,0.0,0.0,0.0,0.0,0.0,0.0,0.0,0.0,20.0,0.0,0.0
legacy_lit_77,legacy_literature,77,60mM sucrose + 20% fbs,2,0.0,0.0,0.0,0.0,0.0,0.0,0.06,0.0,0.0,0.0,0.0,0.0,0.0,0.0,0.0,0.0,0.0,0.0,0.0,0.0,0.0,20.0,0.0,0.0
legacy_lit_78,legacy_literature,78,60mM trehalose + 20% fbs,2,0.0,0.0,0.0,0.0,0.0,0.06,0.0,0.0,0.0,0.0,0.0,0.0,0.0,0.0,0.0,0.0,0.0,0.0,0.0,0.0,0.0,20.0,0.0,0.0
legacy_lit_79,legacy_literature,79,100mM trehalose + 20% fbs,2,0.0,0.0,0.0,0.0,0.0,0.1,0.0,0.0,0.0,0.0,0.0,0.0,0.0,0.0,0.0,0.0,0.0,0.0,0.0,0.0,0.0,20.0,0.0,0.0
legacy_lit_84,legacy_literature,84,1.41M dmso + 80% human_serum,2,1.407909893766799,0.0,0.0,0.0,0.0,0.0,0.0,0.0,0.0,0.0,0.0,0.0,0.0,0.0,0.0,0.0,0.0,0.0,0.0,0.0,0.0,0.0,0.0,80.0
legacy_lit_85,legacy_literature,85,1.41M dmso + 80% fbs,2,1.407909893766799,0.0,0.0,0.0,0.0,0.0,0.0,0.0,0.0,0.0,0.0,0.0,0.0,0.0,0.0,0.0,0.0,0.0,0.0,0.0,0.0,80.0,0.0,0.0
legacy_lit_86,legacy_literature,86,1% pvp,1,0.0,0.0,0.0,0.0,0.0,0.0,0.0,0.0,0.0,0.0,0.0,0.0,0.0,0.0,0.0,0.0,0.0,0.0,0.0,1.0,0.0,0.0,0.0,0.0
legacy_lit_87,legacy_literature,87,5% pvp,1,0.0,0.0,0.0,0.0,0.0,0.0,0.0,0.0,0.0,0.0,0.0,0.0,0.0,0.0,0.0,0.0,0.0,0.0,0.0,5.0,0.0,0.0,0.0,0.0
legacy_lit_88,legacy_literature,88,10% pvp,1,0.0,0.0,0.0,0.0,0.0,0.0,0.0,0.0,0.0,0.0,0.0,0.0,0.0,0.0,0.0,0.0,0.0,0.0,0.0,10.0,0.0,0.0,0.0,0.0
legacy_lit_89,legacy_literature,89,20% pvp,1,0.0,0.0,0.0,0.0,0.0,0.0,0.0,0.0,0.0,0.0,0.0,0.0,0.0,0.0,0.0,0.0,0.0,0.0,0.0,20.0,0.0,0.0,0.0,0.0
legacy_lit_90,legacy_literature,90,40% pvp,1,0.0,0.0,0.0,0.0,0.0,0.0,0.0,0.0,0.0,0.0,0.0,0.0,0.0,0.0,0.0,0.0,0.0,0.0,0.0,40.0,0.0,0.0,0.0,0.0
legacy_lit_91,legacy_literature,91,5% pvp + 10% human_serum,2,0.0,0.0,0.0,0.0,0.0,0.0,0.0,0.0,0.0,0.0,0.0,0.0,0.0,0.0,0.0,0.0,0.0,0.0,0.0,5.0,0.0,0.0,0.0,10.0
legacy_lit_92,legacy_literature,92,10% pvp + 10% human_serum,2,0.0,0.0,0.0,0.0,0.0,0.0,0.0,0.0,0.0,0.0,0.0,0.0,0.0,0.0,0.0,0.0,0.0,0.0,0.0,10.0,0.0,0.0,0.0,10.0
legacy_lit_93,legacy_literature,93,20% pvp + 10% human_serum,2,0.0,0.0,0.0,0.0,0.0,0.0,0.0,0.0,0.0,0.0,0.0,0.0,0.0,0.0,0.0,0.0,0.0,0.0,0.0,20.0,0.0,0.0,0.0,10.0
legacy_lit_94,legacy_literature,94,5% pvp + 10% fbs,2,0.0,0.0,0.0,0.0,0.0,0.0,0.0,0.0,0.0,0.0,0.0,0.0,0.0,0.0,0.0,0.0,0.0,0.0,0.0,5.0,0.0,10.0,0.0,0.0
legacy_lit_95,legacy_literature,95,10% pvp + 10% fbs,2,0.0,0.0,0.0,0.0,0.0,0.0,0.0,0.0,0.0,0.0,0.0,0.0,0.0,0.0,0.0,0.0,0.0,0.0,0.0,10.0,0.0,10.0,0.0,0.0
legacy_lit_96,legacy_literature,96,20% pvp + 10% fbs,2,0.0,0.0,0.0,0.0,0.0,0.0,0.0,0.0,0.0,0.0,0.0,0.0,0.0,0.0,0.0,0.0,0.0,0.0,0.0,20.0,0.0,10.0,0.0,0.0
legacy_lit_97,legacy_literature,97,10% pvp + 40% fbs,2,0.0,0.0,0.0,0.0,0.0,0.0,0.0,0.0,0.0,0.0,0.0,0.0,0.0,0.0,0.0,0.0,0.0,0.0,0.0,10.0,0.0,40.0,0.0,0.0
legacy_lit_98,legacy_literature,98,10% pvp + 80% fbs,2,0.0,0.0,0.0,0.0,0.0,0.0,0.0,0.0,0.0,0.0,0.0,0.0,0.0,0.0,0.0,0.0,0.0,0.0,0.0,10.0,0.0,80.0,0.0,0.0
legacy_lit_99,legacy_literature,99,0.5mM ethylene_glycol,0,0.0,0.0,0.0005,0.0,0.0,0.0,0.0,0.0,0.0,0.0,0.0,0.0,0.0,0.0,0.0,0.0,0.0,0.0,0.0,0.0,0.0,0.0,0.0,0.0
legacy_lit_100,legacy_literature,100,1mM ethylene_glycol,1,0.0,0.0,0.001,0.0,0.0,0.0,0.0,0.0,0.0,0.0,0.0,0.0,0.0,0.0,0.0,0.0,0.0,0.0,0.0,0.0,0.0,0.0,0.0,0.0
legacy_lit_101,legacy_literature,101,1.5mM ethylene_glycol,1,0.0,0.0,0.0015,0.0,0.0,0.0,0.0,0.0,0.0,0.0,0.0,0.0,0.0,0.0,0.0,0.0,0.0,0.0,0.0,0.0,0.0,0.0,0.0,0.0
legacy_lit_102,legacy_literature,102,5mM propylene_glycol,1,0.0,0.0,0.0,0.0,0.005,0.0,0.0,0.0,0.0,0.0,0.0,0.0,0.0,0.0,0.0,0.0,0.0,0.0,0.0,0.0,0.0,0.0,0.0,0.0
legacy_lit_103,legacy_literature,103,1mM propylene_glycol,1,0.0,0.0,0.0,0.0,0.001,0.0,0.0,0.0,0.0,0.0,0.0,0.0,0.0,0.0,0.0,0.0,0.0,0.0,0.0,0.0,0.0,0.0,0.0,0.0
legacy_lit_104,legacy_literature,104,1.5mM propylene_glycol,1,0.0,0.0,0.0,0.0,0.0015,0.0,0.0,0.0,0.0,0.0,0.0,0.0,0.0,0.0,0.0,0.0,0.0,0.0,0.0,0.0,0.0,0.0,0.0,0.0
legacy_lit_109,legacy_literature,109,1.41M dmso + 1% sericin,2,1.407909893766799,0.0,0.0,0.0,0.0,0.0,0.0,0.0,0.0,0.0,0.0,0.0,0.0,0.0,0.0,0.0,1.0,0.0,0.0,0.0,0.0,0.0,0.0,0.0
legacy_lit_112,legacy_literature,112,base cryopreservation medium only,0,0.0,0.0,0.0,0.0,0.0,0.0,0.0,0.0,0.0,0.0,0.0,0.0,0.0,0.0,0.0,0.0,0.0,0.0,0.0,0.0,0.0,0.0,0.0,0.0
legacy_lit_114,legacy_literature,114,563mM dmso,1,0.5631639575067197,0.0,0.0,0.0,0.0,0.0,0.0,0.0,0.0,0.0,0.0,0.0,0.0,0.0,0.0,0.0,0.0,0.0,0.0,0.0,0.0,0.0,0.0,0.0
legacy_lit_115,legacy_literature,115,845mM dmso,1,0.8447459362600794,0.0,0.0,0.0,0.0,0.0,0.0,0.0,0.0,0.0,0.0,0.0,0.0,0.0,0.0,0.0,0.0,0.0,0.0,0.0,0.0,0.0,0.0,0.0
legacy_lit_116,legacy_literature,116,1.13M dmso,1,1.126327915013439,0.0,0.0,0.0,0.0,0.0,0.0,0.0,0.0,0.0,0.0,0.0,0.0,0.0,0.0,0.0,0.0,0.0,0.0,0.0,0.0,0.0,0.0,0.0
legacy_lit_118,legacy_literature,118,1% methylcellulose,1,0.0,0.0,0.0,0.0,0.0,0.0,0.0,0.0,0.0,0.0,0.0,0.0,0.0,0.0,0.0,0.0,0.0,1.0,0.0,0.0,0.0,0.0,0.0,0.0
legacy_lit_119,legacy_literature,119,1% methylcellulose + 10% human_serum,2,0.0,0.0,0.0,0.0,0.0,0.0,0.0,0.0,0.0,0.0,0.0,0.0,0.0,0.0,0.0,0.0,0.0,1.0,0.0,0.0,0.0,0.0,0.0,10.0
legacy_lit_120,legacy_literature,120,1% methylcellulose + 10% fbs,2,0.0,0.0,0.0,0.0,0.0,0.0,0.0,0.0,0.0,0.0,0.0,0.0,0.0,0.0,0.0,0.0,0.0,1.0,0.0,0.0,0.0,10.0,0.0,0.0
legacy_lit_121,legacy_literature,121,1.41M dmso + 1% methylcellulose,2,1.407909893766799,0.0,0.0,0.0,0.0,0.0,0.0,0.0,0.0,0.0,0.0,0.0,0.0,0.0,0.0,0.0,0.0,1.0,0.0,0.0,0.0,0.0,0.0,0.0
legacy_lit_126,legacy_literature,126,1.06M dmso + 2% hsa,2,1.0559324203250993,0.0,0.0,0.0,0.0,0.0,0.0,0.0,0.0,0.0,0.0,0.0,0.0,0.0,0.0,0.0,0.0,0.0,0.0,0.0,0.0,0.0,2.0,0.0
legacy_lit_127,legacy_literature,127,704mM dmso,1,0.7039549468833995,0.0,0.0,0.0,0.0,0.0,0.0,0.0,0.0,0.0,0.0,0.0,0.0,0.0,0.0,0.0,0.0,0.0,0.0,0.0,0.0,0.0,0.0,0.0
legacy_lit_128,legacy_literature,128,704mM dmso + 2% hsa,2,0.7039549468833995,0.0,0.0,0.0,0.0,0.0,0.0,0.0,0.0,0.0,0.0,0.0,0.0,0.0,0.0,0.0,0.0,0.0,0.0,0.0,0.0,0.0,2.0,0.0
legacy_lit_129,legacy_literature,129,704mM dmso + 87.6mM trehalose,2,0.7039549468833995,0.0,0.0,0.0,0.0,0.0876424189307624,0.0,0.0,0.0,0.0,0.0,0.0,0.0,0.0,0.0,0.0,0.0,0.0,0.0,0.0,0.0,0.0,0.0,0.0
legacy_lit_130,legacy_literature,130,704mM dmso + 87.6mM trehalose + 2% hsa,3,0.7039549468833995,0.0,0.0,0.0,0.0,0.0876424189307624,0.0,0.0,0.0,0.0,0.0,0.0,0.0,0.0,0.0,0.0,0.0,0.0,0.0,0.0,0.0,0.0,2.0,0.0
legacy_lit_131,legacy_literature,131,352mM dmso,1,0.3519774734416998,0.0,0.0,0.0,0.0,0.0,0.0,0.0,0.0,0.0,0.0,0.0,0.0,0.0,0.0,0.0,0.0,0.0,0.0,0.0,0.0,0.0,0.0,0.0
legacy_lit_132,legacy_literature,132,352mM dmso + 2% hsa,2,0.3519774734416998,0.0,0.0,0.0,0.0,0.0,0.0,0.0,0.0,0.0,0.0,0.0,0.0,0.0,0.0,0.0,0.0,0.0,0.0,0.0,0.0,0.0,2.0,0.0
legacy_lit_133,legacy_literature,133,1.36M propylene_glycol + 2% hsa,2,0.0,0.0,0.0,0.0,1.361545538178473,0.0,0.0,0.0,0.0,0.0,0.0,0.0,0.0,0.0,0.0,0.0,0.0,0.0,0.0,0.0,0.0,0.0,2.0,0.0
legacy_lit_134,legacy_literature,134,1.02M propylene_glycol + 2% hsa,2,0.0,0.0,0.0,0.0,1.021159153633855,0.0,0.0,0.0,0.0,0.0,0.0,0.0,0.0,0.0,0.0,0.0,0.0,0.0,0.0,0.0,0.0,0.0,2.0,0.0
legacy_lit_135,legacy_literature,135,342mM glycerol + 150mM sucrose + 12.5mM creatine,3,0.0,0.0,0.0,0.342,0.0,0.0,0.15,0.0,0.0,0.0,0.0,0.0,0.0,0.0,0.0125,0.0,0.0,0.0,0.0,0.0,0.0,0.0,0.0,0.0
legacy_lit_136,legacy_literature,136,342mM glycerol + 150mM glucose + 12.5mM creatine,3,0.0,0.0,0.0,0.342,0.0,0.0,0.0,0.0,0.0,0.0,0.0,0.0,0.0,0.15,0.0125,0.0,0.0,0.0,0.0,0.0,0.0,0.0,0.0,0.0
legacy_lit_137,legacy_literature,137,684mM glycerol + 150mM sucrose + 25mM creatine,3,0.0,0.0,0.0,0.684,0.0,0.0,0.15,0.0,0.0,0.0,0.0,0.0,0.0,0.0,0.025,0.0,0.0,0.0,0.0,0.0,0.0,0.0,0.0,0.0
legacy_lit_138,legacy_literature,138,684mM glycerol + 300mM sucrose + 12.5mM creatine,3,0.0,0.0,0.0,0.684,0.0,0.0,0.3,0.0,0.0,0.0,0.0,0.0,0.0,0.0,0.0125,0.0,0.0,0.0,0.0,0.0,0.0,0.0,0.0,0.0
legacy_lit_194,legacy_literature,194,base cryopreservation medium only,0,0.0,0.0,0.0,0.0,0.0,0.0,0.0,0.0,0.0,0.0,0.0,0.0,0.0,0.0,0.0,0.0,0.0,0.0,0.0,0.0,0.0,0.0,0.0,0.0
legacy_lit_195,legacy_literature,195,base cryopreservation medium only,0,0.0,0.0,0.0,0.0,0.0,0.0,0.0,0.0,0.0,0.0,0.0,0.0,0.0,0.0,0.0,0.0,0.0,0.0,0.0,0.0,0.0,0.0,0.0,0.0
legacy_lit_196,legacy_literature,196,base cryopreservation medium only,0,0.0,0.0,0.0,0.0,0.0,0.0,0.0,0.0,0.0,0.0,0.0,0.0,0.0,0.0,0.0,0.0,0.0,0.0,0.0,0.0,0.0,0.0,0.0,0.0
legacy_lit_197,legacy_literature,197,base cryopreservation medium only,0,0.0,0.0,0.0,0.0,0.0,0.0,0.0,0.0,0.0,0.0,0.0,0.0,0.0,0.0,0.0,0.0,0.0,0.0,0.0,0.0,0.0,0.0,0.0,0.0
legacy_lit_198,legacy_literature,198,base cryopreservation medium only,0,0.0,0.0,0.0,0.0,0.0,0.0,0.0,0.0,0.0,0.0,0.0,0.0,0.0,0.0,0.0,0.0,0.0,0.0,0.0,0.0,0.0,0.0,0.0,0.0
legacy_lit_199,legacy_literature,199,base cryopreservation medium only,0,0.0,0.0,0.0,0.0,0.0,0.0,0.0,0.0,0.0,0.0,0.0,0.0,0.0,0.0,0.0,0.0,0.0,0.0,0.0,0.0,0.0,0.0,0.0,0.0
legacy_lit_200,legacy_literature,200,base cryopreservation medium only,0,0.0,0.0,0.0,0.0,0.0,0.0,0.0,0.0,0.0,0.0,0.0,0.0,0.0,0.0,0.0,0.0,0.0,0.0,0.0,0.0,0.0,0.0,0.0,0.0
legacy_lit_202,legacy_literature,202,1.41M dmso + 2% fbs,2,1.407909893766799,0.0,0.0,0.0,0.0,0.0,0.0,0.0,0.0,0.0,0.0,0.0,0.0,0.0,0.0,0.0,0.0,0.0,0.0,0.0,0.0,2.0,0.0,0.0
legacy_lit_203,legacy_literature,203,704mM dmso + 2% fbs,2,0.7039549468833995,0.0,0.0,0.0,0.0,0.0,0.0,0.0,0.0,0.0,0.0,0.0,0.0,0.0,0.0,0.0,0.0,0.0,0.0,0.0,0.0,2.0,0.0,0.0
legacy_lit_204,legacy_literature,204,422mM dmso + 2% fbs,2,0.4223729681300397,0.0,0.0,0.0,0.0,0.0,0.0,0.0,0.0,0.0,0.0,0.0,0.0,0.0,0.0,0.0,0.0,0.0,0.0,0.0,0.0,2.0,0.0,0.0
legacy_lit_205,legacy_literature,205,704mM dmso + 0.1% hyaluronic_acid + 2% fbs,3,0.7039549468833995,0.0,0.0,0.0,0.0,0.0,0.0,0.0,0.0,0.0,0.0,0.0,0.0,0.0,0.0,0.0,0.0,0.0,0.0,0.0,0.1,2.0,0.0,0.0
legacy_lit_206,legacy_literature,206,704mM dmso + 0.2% hyaluronic_acid + 2% fbs,3,0.7039549468833995,0.0,0.0,0.0,0.0,0.0,0.0,0.0,0.0,0.0,0.0,0.0,0.0,0.0,0.0,0.0,0.0,0.0,0.0,0.0,0.2,2.0,0.0,0.0
legacy_lit_207,legacy_literature,207,422mM dmso + 0.1% hyaluronic_acid + 2% fbs,3,0.4223729681300397,0.0,0.0,0.0,0.0,0.0,0.0,0.0,0.0,0.0,0.0,0.0,0.0,0.0,0.0,0.0,0.0,0.0,0.0,0.0,0.1,2.0,0.0,0.0
legacy_lit_208,legacy_literature,208,422mM dmso + 0.2% hyaluronic_acid,2,0.4223729681300397,0.0,0.0,0.0,0.0,0.0,0.0,0.0,0.0,0.0,0.0,0.0,0.0,0.0,0.0,0.0,0.0,0.0,0.0,0.0,0.2,0.0,0.0,0.0
legacy_lit_209,legacy_literature,209,70.3mM ectoin + 86.9mM proline + 0.1% methylcellulose,3,0.0,0.0703432751828925,0.0,0.0,0.0,0.0,0.0,0.0,0.0,0.0,0.0,0.0,0.0868583340571527,0.0,0.0,0.0,0.0,0.1,0.0,0.0,0.0,0.0,0.0,0.0
legacy_lit_212,legacy_literature,212,703mM ectoin + 86.9mM proline + 0.1% methylcellulose,3,0.0,0.7034327518289252,0.0,0.0,0.0,0.0,0.0,0.0,0.0,0.0,0.0,0.0,0.0868583340571527,0.0,0.0,0.0,0.0,0.1,0.0,0.0,0.0,0.0,0.0,0.0
legacy_lit_215,legacy_literature,215,352mM ectoin + 434mM proline + 0.1% methylcellulose,3,0.0,0.3517163759144626,0.0,0.0,0.0,0.0,0.0,0.0,0.0,0.0,0.0,0.0,0.4342916702857639,0.0,0.0,0.0,0.0,0.1,0.0,0.0,0.0,0.0,0.0,0.0
legacy_lit_218,legacy_literature,218,70.3mM ectoin + 869mM proline + 0.1% methylcellulose,3,0.0,0.0703432751828925,0.0,0.0,0.0,0.0,0.0,0.0,0.0,0.0,0.0,0.0,0.8685833405715279,0.0,0.0,0.0,0.0,0.1,0.0,0.0,0.0,0.0,0.0,0.0
legacy_lit_221,legacy_literature,221,703mM ectoin + 869mM proline + 0.1% methylcellulose,3,0.0,0.7034327518289252,0.0,0.0,0.0,0.0,0.0,0.0,0.0,0.0,0.0,0.0,0.8685833405715279,0.0,0.0,0.0,0.0,0.1,0.0,0.0,0.0,0.0,0.0,0.0
legacy_lit_224,legacy_literature,224,1.41M dmso + 0.1% methylcellulose,2,1.407909893766799,0.0,0.0,0.0,0.0,0.0,0.0,0.0,0.0,0.0,0.0,0.0,0.0,0.0,0.0,0.0,0.0,0.1,0.0,0.0,0.0,0.0,0.0,0.0
legacy_lit_225,legacy_literature,225,0.1% methylcellulose,1,0.0,0.0,0.0,0.0,0.0,0.0,0.0,0.0,0.0,0.0,0.0,0.0,0.0,0.0,0.0,0.0,0.0,0.1,0.0,0.0,0.0,0.0,0.0,0.0
legacy_lit_235,legacy_literature,235,146mM trehalose + 2.5% dextran,2,0.0,0.0,0.0,0.0,0.0,0.1460706982179374,0.0,0.0,0.0,0.0,0.0,0.0,0.0,0.0,0.0,0.0,0.0,0.0,2.5,0.0,0.0,0.0,0.0,0.0
legacy_lit_236,legacy_literature,236,2.82M dmso + 3mM propylene_glycol + 1mM acetamide,3,2.815819787533598,0.0,0.0,0.0,0.003,0.0,0.0,0.0,0.0,0.0,0.0,0.0,0.0,0.0,0.0,0.001,0.0,0.0,0.0,0.0,0.0,0.0,0.0,0.0
legacy_lit_237,legacy_literature,237,6.5mM ethylene_glycol + 0.5mM sucrose,1,0.0,0.0,0.0065,0.0,0.0,0.0,0.0005,0.0,0.0,0.0,0.0,0.0,0.0,0.0,0.0,0.0,0.0,0.0,0.0,0.0,0.0,0.0,0.0,0.0
legacy_lit_251,legacy_literature,251,50mM sucrose,1,0.0,0.0,0.0,0.0,0.0,0.0,0.05,0.0,0.0,0.0,0.0,0.0,0.0,0.0,0.0,0.0,0.0,0.0,0.0,0.0,0.0,0.0,0.0,0.0
legacy_lit_252,legacy_literature,252,100mM sucrose,1,0.0,0.0,0.0,0.0,0.0,0.0,0.1,0.0,0.0,0.0,0.0,0.0,0.0,0.0,0.0,0.0,0.0,0.0,0.0,0.0,0.0,0.0,0.0,0.0
legacy_lit_253,legacy_literature,253,150mM sucrose,1,0.0,0.0,0.0,0.0,0.0,0.0,0.15,0.0,0.0,0.0,0.0,0.0,0.0,0.0,0.0,0.0,0.0,0.0,0.0,0.0,0.0,0.0,0.0,0.0
legacy_lit_254,legacy_literature,254,400mM sucrose,1,0.0,0.0,0.0,0.0,0.0,0.0,0.4,0.0,0.0,0.0,0.0,0.0,0.0,0.0,0.0,0.0,0.0,0.0,0.0,0.0,0.0,0.0,0.0,0.0
legacy_lit_255,legacy_literature,255,50mM trehalose,1,0.0,0.0,0.0,0.0,0.0,0.05,0.0,0.0,0.0,0.0,0.0,0.0,0.0,0.0,0.0,0.0,0.0,0.0,0.0,0.0,0.0,0.0,0.0,0.0
legacy_lit_256,legacy_literature,256,100mM trehalose,1,0.0,0.0,0.0,0.0,0.0,0.1,0.0,0.0,0.0,0.0,0.0,0.0,0.0,0.0,0.0,0.0,0.0,0.0,0.0,0.0,0.0,0.0,0.0,0.0
legacy_lit_257,legacy_literature,257,150mM trehalose,1,0.0,0.0,0.0,0.0,0.0,0.15,0.0,0.0,0.0,0.0,0.0,0.0,0.0,0.0,0.0,0.0,0.0,0.0,0.0,0.0,0.0,0.0,0.0,0.0
legacy_lit_258,legacy_literature,258,400mM trehalose,1,0.0,0.0,0.0,0.0,0.0,0.4,0.0,0.0,0.0,0.0,0.0,0.0,0.0,0.0,0.0,0.0,0.0,0.0,0.0,0.0,0.0,0.0,0.0,0.0
legacy_lit_259,legacy_literature,259,50mM raffinose,1,0.0,0.0,0.0,0.0,0.0,0.0,0.0,0.05,0.0,0.0,0.0,0.0,0.0,0.0,0.0,0.0,0.0,0.0,0.0,0.0,0.0,0.0,0.0,0.0
legacy_lit_260,legacy_literature,260,100mM raffinose,1,0.0,0.0,0.0,0.0,0.0,0.0,0.0,0.1,0.0,0.0,0.0,0.0,0.0,0.0,0.0,0.0,0.0,0.0,0.0,0.0,0.0,0.0,0.0,0.0
legacy_lit_261,legacy_literature,261,150mM raffinose,1,0.0,0.0,0.0,0.0,0.0,0.0,0.0,0.15,0.0,0.0,0.0,0.0,0.0,0.0,0.0,0.0,0.0,0.0,0.0,0.0,0.0,0.0,0.0,0.0
legacy_lit_262,legacy_literature,262,400mM raffinose,1,0.0,0.0,0.0,0.0,0.0,0.0,0.0,0.4,0.0,0.0,0.0,0.0,0.0,0.0,0.0,0.0,0.0,0.0,0.0,0.0,0.0,0.0,0.0,0.0
legacy_lit_274,legacy_literature,274,171mM betaine,1,0.0,0.0,0.0,0.0,0.0,0.0,0.0,0.0,0.0,0.0,0.0,0.1707212974818608,0.0,0.0,0.0,0.0,0.0,0.0,0.0,0.0,0.0,0.0,0.0,0.0
legacy_lit_275,legacy_literature,275,341mM betaine,1,0.0,0.0,0.0,0.0,0.0,0.0,0.0,0.0,0.0,0.0,0.0,0.3414425949637217,0.0,0.0,0.0,0.0,0.0,0.0,0.0,0.0,0.0,0.0,0.0,0.0
legacy_lit_276,legacy_literature,276,512mM betaine,1,0.0,0.0,0.0,0.0,0.0,0.0,0.0,0.0,0.0,0.0,0.0,0.5121638924455826,0.0,0.0,0.0,0.0,0.0,0.0,0.0,0.0,0.0,0.0,0.0,0.0
legacy_lit_277,legacy_literature,277,683mM betaine,1,0.0,0.0,0.0,0.0,0.0,0.0,0.0,0.0,0.0,0.0,0.0,0.6828851899274434,0.0,0.0,0.0,0.0,0.0,0.0,0.0,0.0,0.0,0.0,0.0,0.0
legacy_lit_278,legacy_literature,278,854mM betaine,1,0.0,0.0,0.0,0.0,0.0,0.0,0.0,0.0,0.0,0.0,0.0,0.8536064874093042,0.0,0.0,0.0,0.0,0.0,0.0,0.0,0.0,0.0,0.0,0.0,0.0
legacy_lit_281,legacy_literature,281,2.05M glycerol,1,0.0,0.0,0.0,2.0523401020740577,0.0,0.0,0.0,0.0,0.0,0.0,0.0,0.0,0.0,0.0,0.0,0.0,0.0,0.0,0.0,0.0,0.0,0.0,0.0,0.0
legacy_lit_287,legacy_literature,287,base cryopreservation medium only,0,0.0,0.0,0.0,0.0,0.0,0.0,0.0,0.0,0.0,0.0,0.0,0.0,0.0,0.0,0.0,0.0,0.0,0.0,0.0,0.0,0.0,0.0,0.0,0.0
legacy_lit_288,legacy_literature,288,87.6mM trehalose,1,0.0,0.0,0.0,0.0,0.0,0.0876424189307624,0.0,0.0,0.0,0.0,0.0,0.0,0.0,0.0,0.0,0.0,0.0,0.0,0.0,0.0,0.0,0.0,0.0,0.0
legacy_lit_289,legacy_literature,289,87.6mM trehalose + 5% dextran,2,0.0,0.0,0.0,0.0,0.0,0.0876424189307624,0.0,0.0,0.0,0.0,0.0,0.0,0.0,0.0,0.0,0.0,0.0,0.0,5.0,0.0,0.0,0.0,0.0,0.0
legacy_lit_299,legacy_literature,299,base cryopreservation medium only,0,0.0,0.0,0.0,0.0,0.0,0.0,0.0,0.0,0.0,0.0,0.0,0.0,0.0,0.0,0.0,0.0,0.0,0.0,0.0,0.0,0.0,0.0,0.0,0.0
legacy_lit_306,legacy_literature,306,0.5mM trehalose,0,0.0,0.0,0.0,0.0,0.0,0.0005,0.0,0.0,0.0,0.0,0.0,0.0,0.0,0.0,0.0,0.0,0.0,0.0,0.0,0.0,0.0,0.0,0.0,0.0
legacy_lit_308,legacy_literature,308,1.41M dmso + 1.79M ethylene_glycol,2,1.407909893766799,0.0,1.788303528274529,0.0,0.0,0.0,0.0,0.0,0.0,0.0,0.0,0.0,0.0,0.0,0.0,0.0,0.0,0.0,0.0,0.0,0.0,0.0,0.0,0.0
legacy_lit_309,legacy_literature,309,1.41M dmso + 0.5mM trehalose,1,1.407909893766799,0.0,0.0,0.0,0.0,0.0005,0.0,0.0,0.0,0.0,0.0,0.0,0.0,0.0,0.0,0.0,0.0,0.0,0.0,0.0,0.0,0.0,0.0,0.0
legacy_lit_310,legacy_literature,310,1.79M ethylene_glycol + 0.5mM trehalose,1,0.0,0.0,1.788303528274529,0.0,0.0,0.0005,0.0,0.0,0.0,0.0,0.0,0.0,0.0,0.0,0.0,0.0,0.0,0.0,0.0,0.0,0.0,0.0,0.0,0.0
legacy_lit_313,legacy_literature,313,704mM dmso + 60mM trehalose + 20% fbs,3,0.7039549468833995,0.0,0.0,0.0,0.0,0.06,0.0,0.0,0.0,0.0,0.0,0.0,0.0,0.0,0.0,0.0,0.0,0.0,0.0,0.0,0.0,20.0,0.0,0.0
legacy_lit_314,legacy_literature,314,352mM dmso + 30mM trehalose + 20% fbs,3,0.3519774734416998,0.0,0.0,0.0,0.0,0.03,0.0,0.0,0.0,0.0,0.0,0.0,0.0,0.0,0.0,0.0,0.0,0.0,0.0,0.0,0.0,20.0,0.0,0.0
legacy_lit_315,legacy_literature,315,264mM trehalose + 20% fbs,2,0.0,0.0,0.0,0.0,0.0,0.264,0.0,0.0,0.0,0.0,0.0,0.0,0.0,0.0,0.0,0.0,0.0,0.0,0.0,0.0,0.0,20.0,0.0,0.0
legacy_lit_316,legacy_literature,316,704mM dmso + 500mM trehalose + 20% fbs,3,0.7039549468833995,0.0,0.0,0.0,0.0,0.5,0.0,0.0,0.0,0.0,0.0,0.0,0.0,0.0,0.0,0.0,0.0,0.0,0.0,0.0,0.0,20.0,0.0,0.0
legacy_lit_317,legacy_literature,317,986mM dmso + 2% hsa,2,0.9855369256367597,0.0,0.0,0.0,0.0,0.0,0.0,0.0,0.0,0.0,0.0,0.0,0.0,0.0,0.0,0.0,0.0,0.0,0.0,0.0,0.0,0.0,2.0,0.0
legacy_lit_318,legacy_literature,318,704mM dmso + 4% fbs,2,0.7039549468833995,0.0,0.0,0.0,0.0,0.0,0.0,0.0,0.0,0.0,0.0,0.0,0.0,0.0,0.0,0.0,0.0,0.0,0.0,0.0,0.0,4.0,0.0,0.0
legacy_lit_319,legacy_literature,319,1.41M dmso + 8% fbs,2,1.407909893766799,0.0,0.0,0.0,0.0,0.0,0.0,0.0,0.0,0.0,0.0,0.0,0.0,0.0,0.0,0.0,0.0,0.0,0.0,0.0,0.0,8.0,0.0,0.0
legacy_lit_322,legacy_literature,322,1.41M dmso,1,1.407909893766799,0.0,0.0,0.0,0.0,0.0,0.0,0.0,0.0,0.0,0.0,0.0,0.0,0.0,0.0,0.0,0.0,0.0,0.0,0.0,0.0,0.0,0.0,0.0
legacy_lit_323,legacy_literature,323,1.41M dmso + 0.1mM sucrose + 20% fbs,2,1.407909893766799,0.0,0.0,0.0,0.0,0.0,0.0001,0.0,0.0,0.0,0.0,0.0,0.0,0.0,0.0,0.0,0.0,0.0,0.0,0.0,0.0,20.0,0.0,0.0
legacy_lit_326,legacy_literature,326,1.41M dmso + 0.2mM trehalose + 20% fbs,2,1.407909893766799,0.0,0.0,0.0,0.0,0.0002,0.0,0.0,0.0,0.0,0.0,0.0,0.0,0.0,0.0,0.0,0.0,0.0,0.0,0.0,0.0,20.0,0.0,0.0
legacy_lit_329,legacy_literature,329,704mM dmso + 4% hsa + 4% human_serum,3,0.7039549468833995,0.0,0.0,0.0,0.0,0.0,0.0,0.0,0.0,0.0,0.0,0.0,0.0,0.0,0.0,0.0,0.0,0.0,0.0,0.0,0.0,0.0,4.0,4.0
legacy_lit_332,legacy_literature,332,1.5mM ethylene_glycol + 0.1mM sucrose + 20% fbs,2,0.0,0.0,0.0015,0.0,0.0,0.0,0.0001,0.0,0.0,0.0,0.0,0.0,0.0,0.0,0.0,0.0,0.0,0.0,0.0,0.0,0.0,20.0,0.0,0.0
legacy_lit_338,legacy_literature,338,3.58M ethylene_glycol + 20% fbs,2,0.0,0.0,3.576607056549058,0.0,0.0,0.0,0.0,0.0,0.0,0.0,0.0,0.0,0.0,0.0,0.0,0.0,0.0,0.0,0.0,0.0,0.0,20.0,0.0,0.0
legacy_lit_339,legacy_literature,339,7.15M ethylene_glycol + 0.3mM sucrose + 20% fbs,2,0.0,0.0,7.153214113098116,0.0,0.0,0.0,0.0003,0.0,0.0,0.0,0.0,0.0,0.0,0.0,0.0,0.0,0.0,0.0,0.0,0.0,0.0,20.0,0.0,0.0
legacy_lit_341,legacy_literature,341,13.4M dmso,1,13.37514399078459,0.0,0.0,0.0,0.0,0.0,0.0,0.0,0.0,0.0,0.0,0.0,0.0,0.0,0.0,0.0,0.0,0.0,0.0,0.0,0.0,0.0,0.0,0.0
legacy_lit_343,legacy_literature,343,1.37M glycerol + 10% fbs,2,0.0,0.0,0.0,1.3682267347160386,0.0,0.0,0.0,0.0,0.0,0.0,0.0,0.0,0.0,0.0,0.0,0.0,0.0,0.0,0.0,0.0,0.0,10.0,0.0,0.0
legacy_lit_346,legacy_literature,346,704mM dmso + 95% fbs,2,0.7039549468833995,0.0,0.0,0.0,0.0,0.0,0.0,0.0,0.0,0.0,0.0,0.0,0.0,0.0,0.0,0.0,0.0,0.0,0.0,0.0,0.0,95.0,0.0,0.0
legacy_lit_347,legacy_literature,347,1.06M dmso + 92.5% fbs,2,1.0559324203250993,0.0,0.0,0.0,0.0,0.0,0.0,0.0,0.0,0.0,0.0,0.0,0.0,0.0,0.0,0.0,0.0,0.0,0.0,0.0,0.0,92.5,0.0,0.0
legacy_lit_349,legacy_literature,349,704mM dmso + 0.2mM sucrose + 95% fbs,2,0.7039549468833995,0.0,0.0,0.0,0.0,0.0,0.0002,0.0,0.0,0.0,0.0,0.0,0.0,0.0,0.0,0.0,0.0,0.0,0.0,0.0,0.0,95.0,0.0,0.0
legacy_lit_350,legacy_literature,350,1.06M dmso + 0.2mM sucrose + 92.5% fbs,2,1.0559324203250993,0.0,0.0,0.0,0.0,0.0,0.0002,0.0,0.0,0.0,0.0,0.0,0.0,0.0,0.0,0.0,0.0,0.0,0.0,0.0,0.0,92.5,0.0,0.0
legacy_lit_351,legacy_literature,351,1.41M dmso + 0.2mM sucrose + 90% fbs,2,1.407909893766799,0.0,0.0,0.0,0.0,0.0,0.0002,0.0,0.0,0.0,0.0,0.0,0.0,0.0,0.0,0.0,0.0,0.0,0.0,0.0,0.0,90.0,0.0,0.0
legacy_lit_352,legacy_literature,352,894mM ethylene_glycol + 95% fbs,2,0.0,0.0,0.8941517641372645,0.0,0.0,0.0,0.0,0.0,0.0,0.0,0.0,0.0,0.0,0.0,0.0,0.0,0.0,0.0,0.0,0.0,0.0,95.0,0.0,0.0
legacy_lit_353,legacy_literature,353,1.34M ethylene_glycol + 92.5% fbs,2,0.0,0.0,1.3412276462058963,0.0,0.0,0.0,0.0,0.0,0.0,0.0,0.0,0.0,0.0,0.0,0.0,0.0,0.0,0.0,0.0,0.0,0.0,92.5,0.0,0.0
legacy_lit_354,legacy_literature,354,1.79M ethylene_glycol + 90% fbs,2,0.0,0.0,1.788303528274529,0.0,0.0,0.0,0.0,0.0,0.0,0.0,0.0,0.0,0.0,0.0,0.0,0.0,0.0,0.0,0.0,0.0,0.0,90.0,0.0,0.0
legacy_lit_355,legacy_literature,355,894mM ethylene_glycol + 0.2mM sucrose + 95% fbs,2,0.0,0.0,0.8941517641372645,0.0,0.0,0.0,0.0002,0.0,0.0,0.0,0.0,0.0,0.0,0.0,0.0,0.0,0.0,0.0,0.0,0.0,0.0,95.0,0.0,0.0
legacy_lit_356,legacy_literature,356,1.34M ethylene_glycol + 0.2mM sucrose + 92.5% fbs,2,0.0,0.0,1.3412276462058963,0.0,0.0,0.0,0.0002,0.0,0.0,0.0,0.0,0.0,0.0,0.0,0.0,0.0,0.0,0.0,0.0,0.0,0.0,92.5,0.0,0.0
legacy_lit_357,legacy_literature,357,1.79M ethylene_glycol + 0.2mM sucrose + 90% fbs,2,0.0,0.0,1.788303528274529,0.0,0.0,0.0,0.0002,0.0,0.0,0.0,0.0,0.0,0.0,0.0,0.0,0.0,0.0,0.0,0.0,0.0,0.0,90.0,0.0,0.0
legacy_lit_358,legacy_literature,358,684mM glycerol + 95% fbs,2,0.0,0.0,0.0,0.6841133673580193,0.0,0.0,0.0,0.0,0.0,0.0,0.0,0.0,0.0,0.0,0.0,0.0,0.0,0.0,0.0,0.0,0.0,95.0,0.0,0.0
legacy_lit_359,legacy_literature,359,1.03M glycerol + 92.5% fbs,2,0.0,0.0,0.0,1.0261700510370289,0.0,0.0,0.0,0.0,0.0,0.0,0.0,0.0,0.0,0.0,0.0,0.0,0.0,0.0,0.0,0.0,0.0,92.5,0.0,0.0
legacy_lit_360,legacy_literature,360,1.37M glycerol + 90% fbs,2,0.0,0.0,0.0,1.3682267347160386,0.0,0.0,0.0,0.0,0.0,0.0,0.0,0.0,0.0,0.0,0.0,0.0,0.0,0.0,0.0,0.0,0.0,90.0,0.0,0.0
legacy_lit_361,legacy_literature,361,684mM glycerol + 0.2mM sucrose + 95% fbs,2,0.0,0.0,0.0,0.6841133673580193,0.0,0.0,0.0002,0.0,0.0,0.0,0.0,0.0,0.0,0.0,0.0,0.0,0.0,0.0,0.0,0.0,0.0,95.0,0.0,0.0
legacy_lit_362,legacy_literature,362,1.03M glycerol + 0.2mM sucrose + 92.5% fbs,2,0.0,0.0,0.0,1.0261700510370289,0.0,0.0,0.0002,0.0,0.0,0.0,0.0,0.0,0.0,0.0,0.0,0.0,0.0,0.0,0.0,0.0,0.0,92.5,0.0,0.0
legacy_lit_363,legacy_literature,363,1.37M glycerol + 0.2mM sucrose + 90% fbs,2,0.0,0.0,0.0,1.3682267347160386,0.0,0.0,0.0002,0.0,0.0,0.0,0.0,0.0,0.0,0.0,0.0,0.0,0.0,0.0,0.0,0.0,0.0,90.0,0.0,0.0
legacy_lit_368,legacy_literature,368,1.41M dmso + 2% human_serum,2,1.407909893766799,0.0,0.0,0.0,0.0,0.0,0.0,0.0,0.0,0.0,0.0,0.0,0.0,0.0,0.0,0.0,0.0,0.0,0.0,0.0,0.0,0.0,0.0,2.0
legacy_lit_369,legacy_literature,369,1.41M dmso + 4% human_serum,2,1.407909893766799,0.0,0.0,0.0,0.0,0.0,0.0,0.0,0.0,0.0,0.0,0.0,0.0,0.0,0.0,0.0,0.0,0.0,0.0,0.0,0.0,0.0,0.0,4.0
legacy_lit_370,legacy_literature,370,1.41M dmso + 90% human_serum,2,1.407909893766799,0.0,0.0,0.0,0.0,0.0,0.0,0.0,0.0,0.0,0.0,0.0,0.0,0.0,0.0,0.0,0.0,0.0,0.0,0.0,0.0,0.0,0.0,90.0
legacy_lit_372,legacy_literature,372,0.2mM sucrose,0,0.0,0.0,0.0,0.0,0.0,0.0,0.0002,0.0,0.0,0.0,0.0,0.0,0.0,0.0,0.0,0.0,0.0,0.0,0.0,0.0,0.0,0.0,0.0,0.0
legacy_lit_373,legacy_literature,373,141mM dmso + 0.2mM sucrose,1,0.1407909893766799,0.0,0.0,0.0,0.0,0.0,0.0002,0.0,0.0,0.0,0.0,0.0,0.0,0.0,0.0,0.0,0.0,0.0,0.0,0.0,0.0,0.0,0.0,0.0
legacy_lit_374,legacy_literature,374,282mM dmso + 0.2mM sucrose,1,0.2815819787533598,0.0,0.0,0.0,0.0,0.0,0.0002,0.0,0.0,0.0,0.0,0.0,0.0,0.0,0.0,0.0,0.0,0.0,0.0,0.0,0.0,0.0,0.0,0.0
legacy_lit_375,legacy_literature,375,704mM dmso + 0.2mM sucrose,1,0.7039549468833995,0.0,0.0,0.0,0.0,0.0,0.0002,0.0,0.0,0.0,0.0,0.0,0.0,0.0,0.0,0.0,0.0,0.0,0.0,0.0,0.0,0.0,0.0,0.0
legacy_lit_376,legacy_literature,376,1.41M dmso + 0.2mM sucrose,1,1.407909893766799,0.0,0.0,0.0,0.0,0.0,0.0002,0.0,0.0,0.0,0.0,0.0,0.0,0.0,0.0,0.0,0.0,0.0,0.0,0.0,0.0,0.0,0.0,0.0
legacy_lit_383,legacy_literature,383,10mM trehalose,1,0.0,0.0,0.0,0.0,0.0,0.01,0.0,0.0,0.0,0.0,0.0,0.0,0.0,0.0,0.0,0.0,0.0,0.0,0.0,0.0,0.0,0.0,0.0,0.0
legacy_lit_386,legacy_literature,386,250mM trehalose,1,0.0,0.0,0.0,0.0,0.0,0.25,0.0,0.0,0.0,0.0,0.0,0.0,0.0,0.0,0.0,0.0,0.0,0.0,0.0,0.0,0.0,0.0,0.0,0.0
legacy_wetlab_EXP101,legacy_wetlab,EXP101,33mM dmso + 2.07M ethylene_glycol,2,0.033,0.0,2.07,0.0,0.0,0.0,0.0,0.0,0.0,0.0,0.0,0.0,0.0,0.0,0.0,0.0,0.0,0.0,0.0,0.0,0.0,0.0,0.0,0.0
legacy_wetlab_EXP102,legacy_wetlab,EXP102,1.73M ethylene_glycol + 7.3% hsa,2,0.0,0.0,1.73,0.0,0.0,0.0,0.0,0.0,0.0,0.0,0.0,0.0,0.0,0.0,0.0,0.0,0.0,0.0,0.0,0.0,0.0,0.0,7.3,0.0
legacy_wetlab_EXP103,legacy_wetlab,EXP103,4.7% hsa,1,0.0,0.0,0.0,0.0,0.0,0.0,0.0,0.0,0.0,0.0,0.0,0.0,0.0,0.0,0.0,0.0,0.0,0.0,0.0,0.0,0.0,0.0,4.7,0.0
legacy_wetlab_EXP104,legacy_wetlab,EXP104,1.86M glycerol + 1.9% hsa,2,0.0,0.0,0.0,1.86,0.0,0.0,0.0,0.0,0.0,0.0,0.0,0.0,0.0,0.0,0.0,0.0,0.0,0.0,0.0,0.0,0.0,0.0,1.9,0.0
legacy_wetlab_EXP105,legacy_wetlab,EXP105,12.2mM dmso + 1.91M glycerol + 1.6% pvp,3,0.0122,0.0,0.0,1.91,0.0,0.0,0.0,0.0,0.0,0.0,0.0,0.0,0.0,0.0,0.0,0.0,0.0,0.0,0.0,1.6,0.0,0.0,0.0,0.0
legacy_wetlab_EXP106,legacy_wetlab,EXP106,488mM trehalose + 19.5% fbs,2,0.0,0.0,0.0,0.0,0.0,0.4879,0.0,0.0,0.0,0.0,0.0,0.0,0.0,0.0,0.0,0.0,0.0,0.0,0.0,0.0,0.0,19.5,0.0,0.0
legacy_wetlab_EXP201,legacy_wetlab,EXP201,5.8mM dmso + 2.1M ethylene_glycol,2,0.0058,0.0,2.1,0.0,0.0,0.0,0.0,0.0,0.0,0.0,0.0,0.0,0.0,0.0,0.0,0.0,0.0,0.0,0.0,0.0,0.0,0.0,0.0,0.0
legacy_wetlab_EXP202,legacy_wetlab,EXP202,190mM dmso + 1.41M ethylene_glycol + 66.2% fbs,3,0.1901,0.0,1.41,0.0,0.0,0.0,0.0,0.0,0.0,0.0,0.0,0.0,0.0,0.0,0.0,0.0,0.0,0.0,0.0,0.0,0.0,66.2,0.0,0.0
legacy_wetlab_EXP203,legacy_wetlab,EXP203,1.86M glycerol + 36.8% fbs,2,0.0,0.0,0.0,1.86,0.0,0.0,0.0,0.0,0.0,0.0,0.0,0.0,0.0,0.0,0.0,0.0,0.0,0.0,0.0,0.0,0.0,36.8,0.0,0.0
legacy_wetlab_EXP204,legacy_wetlab,EXP204,346mM sucrose + 1.3% hsa,2,0.0,0.0,0.0,0.0,0.0,0.0,0.3465,0.0,0.0,0.0,0.0,0.0,0.0,0.0,0.0,0.0,0.0,0.0,0.0,0.0,0.0,0.0,1.3,0.0
legacy_wetlab_EXP205,legacy_wetlab,EXP205,2.35M glycerol + 34.7% fbs + 6% hsa,3,0.0,0.0,0.0,2.35,0.0,0.0,0.0,0.0,0.0,0.0,0.0,0.0,0.0,0.0,0.0,0.0,0.0,0.0,0.0,0.0,0.0,34.7,6.0,0.0
legacy_wetlab_EXP206,legacy_wetlab,EXP206,1.21M glycerol + 8.3% hsa,2,0.0,0.0,0.0,1.21,0.0,0.0,0.0,0.0,0.0,0.0,0.0,0.0,0.0,0.0,0.0,0.0,0.0,0.0,0.0,0.0,0.0,0.0,8.3,0.0
legacy_wetlab_EXP301,legacy_wetlab,EXP301,1.83M ethylene_glycol + 52.2% fbs,2,0.0,0.0,1.83,0.0,0.0,0.0,0.0,0.0,0.0,0.0,0.0,0.0,0.0,0.0,0.0,0.0,0.0,0.0,0.0,0.0,0.0,52.2,0.0,0.0
legacy_wetlab_EXP302,legacy_wetlab,EXP302,1.03M ethylene_glycol + 36.1mM proline,2,0.0,0.0,1.03,0.0,0.0,0.0,0.0,0.0,0.0,0.0,0.0,0.0,0.0361,0.0,0.0,0.0,0.0,0.0,0.0,0.0,0.0,0.0,0.0,0.0
legacy_wetlab_EXP303,legacy_wetlab,EXP303,416mM trehalose + 6.6% hsa + 13.4% human_serum,3,0.0,0.0,0.0,0.0,0.0,0.4158,0.0,0.0,0.0,0.0,0.0,0.0,0.0,0.0,0.0,0.0,0.0,0.0,0.0,0.0,0.0,0.0,6.6,13.4
legacy_wetlab_EXP304,legacy_wetlab,EXP304,976mM ethylene_glycol + 67.6mM proline + 8.5% hsa,3,0.0,0.0,0.9757,0.0,0.0,0.0,0.0,0.0,0.0,0.0,0.0,0.0,0.0676,0.0,0.0,0.0,0.0,0.0,0.0,0.0,0.0,0.0,8.5,0.0
legacy_wetlab_EXP305,legacy_wetlab,EXP305,143mM ectoin + 1.28M ethylene_glycol,2,0.0,0.1431,1.28,0.0,0.0,0.0,0.0,0.0,0.0,0.0,0.0,0.0,0.0,0.0,0.0,0.0,0.0,0.0,0.0,0.0,0.0,0.0,0.0,0.0
legacy_wetlab_EXP306,legacy_wetlab,EXP306,161mM ectoin + 1.05M ethylene_glycol,2,0.0,0.1612,1.05,0.0,0.0,0.0,0.0,0.0,0.0,0.0,0.0,0.0,0.0,0.0,0.0,0.0,0.0,0.0,0.0,0.0,0.0,0.0,0.0,0.0
legacy_wetlab_EXP1101,legacy_wetlab,EXP1101,40.6mM dmso + 160mM ectoin,2,0.0406,0.1598,0.0,0.0,0.0,0.0,0.0,0.0,0.0,0.0,0.0,0.0,0.0,0.0,0.0,0.0,0.0,0.0,0.0,0.0,0.0,0.0,0.0,0.0
legacy_wetlab_EXP1102,legacy_wetlab,EXP1102,55.2mM proline + 5.8% hsa,2,0.0,0.0,0.0,0.0,0.0,0.0,0.0,0.0,0.0,0.0,0.0,0.0,0.0552,0.0,0.0,0.0,0.0,0.0,0.0,0.0,0.0,0.0,5.8,0.0
legacy_wetlab_EXP1103,legacy_wetlab,EXP1103,135mM ectoin + 233mM trehalose + 936mM glucose,3,0.0,0.1347,0.0,0.0,0.0,0.2328,0.0,0.0,0.0,0.0,0.0,0.0,0.0,0.9361,0.0,0.0,0.0,0.0,0.0,0.0,0.0,0.0,0.0,0.0
legacy_wetlab_EXP1104,legacy_wetlab,EXP1104,1.73M ethylene_glycol + 7.3% hsa,2,0.0,0.0,1.73,0.0,0.0,0.0,0.0,0.0,0.0,0.0,0.0,0.0,0.0,0.0,0.0,0.0,0.0,0.0,0.0,0.0,0.0,0.0,7.3,0.0
legacy_wetlab_EXP1105,legacy_wetlab,EXP1105,305mM ectoin + 1.55M ethylene_glycol,2,0.0,0.3047,1.55,0.0,0.0,0.0,0.0,0.0,0.0,0.0,0.0,0.0,0.0,0.0,0.0,0.0,0.0,0.0,0.0,0.0,0.0,0.0,0.0,0.0
legacy_wetlab_EXP1106,legacy_wetlab,EXP1106,161mM ectoin + 1.03M ethylene_glycol + 36.1mM proline,3,0.0,0.1612,1.03,0.0,0.0,0.0,0.0,0.0,0.0,0.0,0.0,0.0,0.0361,0.0,0.0,0.0,0.0,0.0,0.0,0.0,0.0,0.0,0.0,0.0
legacy_wetlab_EXP1201,legacy_wetlab,EXP1201,524mM sucrose + 52mM glucose + 0.8% hsa,3,0.0,0.0,0.0,0.0,0.0,0.0,0.524,0.0,0.0,0.0,0.0,0.0,0.0,0.052,0.0,0.0,0.0,0.0,0.0,0.0,0.0,0.0,0.8,0.0
legacy_wetlab_EXP1202,legacy_wetlab,EXP1202,348mM sucrose + 66.3% fbs,2,0.0,0.0,0.0,0.0,0.0,0.0,0.3476,0.0,0.0,0.0,0.0,0.0,0.0,0.0,0.0,0.0,0.0,0.0,0.0,0.0,0.0,66.3,0.0,0.0
legacy_wetlab_EXP1203,legacy_wetlab,EXP1203,131mM ectoin,1,0.0,0.1314,0.0,0.0,0.0,0.0,0.0,0.0,0.0,0.0,0.0,0.0,0.0,0.0,0.0,0.0,0.0,0.0,0.0,0.0,0.0,0.0,0.0,0.0
legacy_wetlab_EXP1205,legacy_wetlab,EXP1205,1.1M glycerol + 267mM sucrose,2,0.0,0.0,0.0,1.1,0.0,0.0,0.2671,0.0,0.0,0.0,0.0,0.0,0.0,0.0,0.0,0.0,0.0,0.0,0.0,0.0,0.0,0.0,0.0,0.0
legacy_wetlab_EXP1206,legacy_wetlab,EXP1206,78.3% fbs,1,0.0,0.0,0.0,0.0,0.0,0.0,0.0,0.0,0.0,0.0,0.0,0.0,0.0,0.0,0.0,0.0,0.0,0.0,0.0,0.0,0.0,78.3,0.0,0.0
legacy_wetlab_EXP2101,legacy_wetlab,EXP2101,2.33M glycerol + 182mM propylene_glycol + 153mM proline,3,0.0,0.0,0.0,2.33,0.1821,0.0,0.0,0.0,0.0,0.0,0.0,0.0,0.1529,0.0,0.0,0.0,0.0,0.0,0.0,0.0,0.0,0.0,0.0,0.0
legacy_wetlab_EXP2102,legacy_wetlab,EXP2102,494mM ectoin + 750mM propylene_glycol,2,0.0,0.4935,0.0,0.0,0.7505,0.0,0.0,0.0,0.0,0.0,0.0,0.0,0.0,0.0,0.0,0.0,0.0,0.0,0.0,0.0,0.0,0.0,0.0,0.0
legacy_wetlab_EXP2103,legacy_wetlab,EXP2103,1.53M ethylene_glycol + 150mM proline + 7.2% pvp + 33.9% fbs + 1.8% hsa,5,0.0,0.0,1.53,0.0,0.0,0.0,0.0,0.0,0.0,0.0,0.0,0.0,0.1495,0.0,0.0,0.0,0.0,0.0,0.0,7.2,0.0,33.9,1.8,0.0
legacy_wetlab_EXP2104,legacy_wetlab,EXP2104,2.46M propylene_glycol + 399mM sucrose,2,0.0,0.0,0.0,0.0,2.46,0.0,0.3991,0.0,0.0,0.0,0.0,0.0,0.0,0.0,0.0,0.0,0.0,0.0,0.0,0.0,0.0,0.0,0.0,0.0
legacy_wetlab_EXP2105,legacy_wetlab,EXP2105,159mM proline + 60.9% fbs,2,0.0,0.0,0.0,0.0,0.0,0.0,0.0,0.0,0.0,0.0,0.0,0.0,0.1594,0.0,0.0,0.0,0.0,0.0,0.0,0.0,0.0,60.9,0.0,0.0
legacy_wetlab_EXP2106,legacy_wetlab,EXP2106,523mM dmso + 1.02M propylene_glycol + 2.6% hsa,3,0.5228,0.0,0.0,0.0,1.02,0.0,0.0,0.0,0.0,0.0,0.0,0.0,0.0,0.0,0.0,0.0,0.0,0.0,0.0,0.0,0.0,0.0,2.6,0.0
legacy_wetlab_EXP3101,legacy_wetlab,EXP3101,273mM ectoin + 1.48M ethylene_glycol + 183mM glycerol,3,0.0,0.2733,1.48,0.1827,0.0,0.0,0.0,0.0,0.0,0.0,0.0,0.0,0.0,0.0,0.0,0.0,0.0,0.0,0.0,0.0,0.0,0.0,0.0,0.0
legacy_wetlab_EXP3102,legacy_wetlab,EXP3102,362mM ethylene_glycol + 2.44M propylene_glycol + 607mM sucrose,3,0.0,0.0,0.3625,0.0,2.44,0.0,0.6072,0.0,0.0,0.0,0.0,0.0,0.0,0.0,0.0,0.0,0.0,0.0,0.0,0.0,0.0,0.0,0.0,0.0
legacy_wetlab_EXP3103,legacy_wetlab,EXP3103,1.15M propylene_glycol + 3.9% hsa,2,0.0,0.0,0.0,0.0,1.15,0.0,0.0,0.0,0.0,0.0,0.0,0.0,0.0,0.0,0.0,0.0,0.0,0.0,0.0,0.0,0.0,0.0,3.9,0.0
legacy_wetlab_EXP3104,legacy_wetlab,EXP3104,280mM ectoin + 1.48M ethylene_glycol + 20.4mM sucrose + 0.2% hyaluronic_acid,4,0.0,0.28,1.48,0.0,0.0,0.0,0.0204,0.0,0.0,0.0,0.0,0.0,0.0,0.0,0.0,0.0,0.0,0.0,0.0,0.0,0.2,0.0,0.0,0.0
legacy_wetlab_EXP3105,legacy_wetlab,EXP3105,704mM dmso + 4% fbs + 4% hsa,3,0.704,0.0,0.0,0.0,0.0,0.0,0.0,0.0,0.0,0.0,0.0,0.0,0.0,0.0,0.0,0.0,0.0,0.0,0.0,0.0,0.0,4.0,4.0,0.0
legacy_wetlab_EXP3106,legacy_wetlab,EXP3106,485mM dmso + 132mM ethylene_glycol + 53.8% fbs,3,0.4853,0.0,0.1324,0.0,0.0,0.0,0.0,0.0,0.0,0.0,0.0,0.0,0.0,0.0,0.0,0.0,0.0,0.0,0.0,0.0,0.0,53.8,0.0,0.0
legacy_wetlab_EXP3107,legacy_wetlab,EXP3107,704mM dmso + 100mM sucrose,2,0.704,0.0,0.0,0.0,0.0,0.0,0.1,0.0,0.0,0.0,0.0,0.0,0.0,0.0,0.0,0.0,0.0,0.0,0.0,0.0,0.0,0.0,0.0,0.0
legacy_wetlab_EXP3108,legacy_wetlab,EXP3108,352mM dmso + 100mM sucrose,2,0.352,0.0,0.0,0.0,0.0,0.0,0.1,0.0,0.0,0.0,0.0,0.0,0.0,0.0,0.0,0.0,0.0,0.0,0.0,0.0,0.0,0.0,0.0,0.0
legacy_wetlab_EXP4101,legacy_wetlab,EXP4101,11mM dmso + 310mM ectoin + 1.56M ethylene_glycol,3,0.011,0.3099,1.56,0.0,0.0,0.0,0.0,0.0,0.0,0.0,0.0,0.0,0.0,0.0,0.0,0.0,0.0,0.0,0.0,0.0,0.0,0.0,0.0,0.0
legacy_wetlab_EXP4102,legacy_wetlab,EXP4102,12mM dmso + 154mM ectoin + 1.23M ethylene_glycol,3,0.012,0.154,1.23,0.0,0.0,0.0,0.0,0.0,0.0,0.0,0.0,0.0,0.0,0.0,0.0,0.0,0.0,0.0,0.0,0.0,0.0,0.0,0.0,0.0
legacy_wetlab_EXP4103,legacy_wetlab,EXP4103,305mM ectoin + 1.55M ethylene_glycol + 6.5% fbs,3,0.0,0.3047,1.55,0.0,0.0,0.0,0.0,0.0,0.0,0.0,0.0,0.0,0.0,0.0,0.0,0.0,0.0,0.0,0.0,0.0,0.0,6.5,0.0,0.0
legacy_wetlab_EXP4104,legacy_wetlab,EXP4104,305mM ectoin + 1.55M ethylene_glycol + 5.1% fbs + 0.6% hsa,4,0.0,0.3047,1.55,0.0,0.0,0.0,0.0,0.0,0.0,0.0,0.0,0.0,0.0,0.0,0.0,0.0,0.0,0.0,0.0,0.0,0.0,5.1,0.6,0.0
legacy_wetlab_EXP4105,legacy_wetlab,EXP4105,305mM ectoin + 1.83M ethylene_glycol + 1.4% fbs,3,0.0,0.3047,1.83,0.0,0.0,0.0,0.0,0.0,0.0,0.0,0.0,0.0,0.0,0.0,0.0,0.0,0.0,0.0,0.0,0.0,0.0,1.4,0.0,0.0
legacy_wetlab_EXP4106,legacy_wetlab,EXP4106,143mM ectoin + 1.28M ethylene_glycol + 5.3% fbs,3,0.0,0.1431,1.28,0.0,0.0,0.0,0.0,0.0,0.0,0.0,0.0,0.0,0.0,0.0,0.0,0.0,0.0,0.0,0.0,0.0,0.0,5.3,0.0,0.0
legacy_wetlab_EXP5101,legacy_wetlab,EXP5101,704mM dmso,1,0.704,0.0,0.0,0.0,0.0,0.0,0.0,0.0,0.0,0.0,0.0,0.0,0.0,0.0,0.0,0.0,0.0,0.0,0.0,0.0,0.0,0.0,0.0,0.0
legacy_wetlab_EXP5102,legacy_wetlab,EXP5102,704mM dmso + 2% fbs,2,0.704,0.0,0.0,0.0,0.0,0.0,0.0,0.0,0.0,0.0,0.0,0.0,0.0,0.0,0.0,0.0,0.0,0.0,0.0,0.0,0.0,2.0,0.0,0.0
legacy_wetlab_EXP5103,legacy_wetlab,EXP5103,244mM ectoin + 1.71M ethylene_glycol,2,0.0,0.2436,1.71,0.0,0.0,0.0,0.0,0.0,0.0,0.0,0.0,0.0,0.0,0.0,0.0,0.0,0.0,0.0,0.0,0.0,0.0,0.0,0.0,0.0
legacy_wetlab_EXP5104,legacy_wetlab,EXP5104,11mM dmso + 290mM ectoin + 2M ethylene_glycol + 6.3% fbs,4,0.011,0.2897,2.0,0.0,0.0,0.0,0.0,0.0,0.0,0.0,0.0,0.0,0.0,0.0,0.0,0.0,0.0,0.0,0.0,0.0,0.0,6.3,0.0,0.0
legacy_wetlab_EXP5105,legacy_wetlab,EXP5105,21mM dmso + 291mM ectoin + 1.96M ethylene_glycol + 5.9% fbs,4,0.021,0.2911,1.96,0.0,0.0,0.0,0.0,0.0,0.0,0.0,0.0,0.0,0.0,0.0,0.0,0.0,0.0,0.0,0.0,0.0,0.0,5.9,0.0,0.0
legacy_wetlab_EXP5106,legacy_wetlab,EXP5106,7.9mM dmso + 317mM ectoin + 2.11M ethylene_glycol + 2.8% fbs,4,0.0079,0.3171,2.11,0.0,0.0,0.0,0.0,0.0,0.0,0.0,0.0,0.0,0.0,0.0,0.0,0.0,0.0,0.0,0.0,0.0,0.0,2.8,0.0,0.0
legacy_wetlab_EXP5107,legacy_wetlab,EXP5107,1.84M propylene_glycol + 299mM sucrose,2,0.0,0.0,0.0,0.0,1.84,0.0,0.2993,0.0,0.0,0.0,0.0,0.0,0.0,0.0,0.0,0.0,0.0,0.0,0.0,0.0,0.0,0.0,0.0,0.0
legacy_wetlab_EXP5108,legacy_wetlab,EXP5108,528mM dmso + 100mM sucrose,2,0.528,0.0,0.0,0.0,0.0,0.0,0.1,0.0,0.0,0.0,0.0,0.0,0.0,0.0,0.0,0.0,0.0,0.0,0.0,0.0,0.0,0.0,0.0,0.0
legacy_wetlab_EXP5109,legacy_wetlab,EXP5109,11mM dmso + 290mM ectoin + 1.81M ethylene_glycol + 5.7% fbs,4,0.011,0.2897,1.81,0.0,0.0,0.0,0.0,0.0,0.0,0.0,0.0,0.0,0.0,0.0,0.0,0.0,0.0,0.0,0.0,0.0,0.0,5.7,0.0,0.0
legacy_wetlab_EXP5110,legacy_wetlab,EXP5110,21mM dmso + 291mM ectoin + 1.79M ethylene_glycol + 5.4% fbs,4,0.021,0.2911,1.79,0.0,0.0,0.0,0.0,0.0,0.0,0.0,0.0,0.0,0.0,0.0,0.0,0.0,0.0,0.0,0.0,0.0,0.0,5.4,0.0,0.0
legacy_wetlab_EXP5111,legacy_wetlab,EXP5111,11mM dmso + 290mM ectoin + 1.63M ethylene_glycol + 5.1% fbs,4,0.011,0.2897,1.63,0.0,0.0,0.0,0.0,0.0,0.0,0.0,0.0,0.0,0.0,0.0,0.0,0.0,0.0,0.0,0.0,0.0,0.0,5.1,0.0,0.0
legacy_wetlab_EXP5112,legacy_wetlab,EXP5112,7.9mM dmso + 317mM ectoin + 1.73M ethylene_glycol + 2.3% fbs,4,0.0079,0.3171,1.73,0.0,0.0,0.0,0.0,0.0,0.0,0.0,0.0,0.0,0.0,0.0,0.0,0.0,0.0,0.0,0.0,0.0,0.0,2.3,0.0,0.0
legacy_wetlab_EXP5201,legacy_wetlab,EXP5201,233mM glycerol + 1.95M propylene_glycol + 589mM sucrose + 267mM betaine + 1% dextran,5,0.0,0.0,0.0,0.2333,1.95,0.0,0.5887,0.0,0.0,0.0,0.0,0.2666,0.0,0.0,0.0,0.0,0.0,0.0,1.0,0.0,0.0,0.0,0.0,0.0
legacy_wetlab_EXP5202,legacy_wetlab,EXP5202,1.83M glycerol + 30.1mM betaine + 4.7% hsa,3,0.0,0.0,0.0,1.83,0.0,0.0,0.0,0.0,0.0,0.0,0.0,0.0301,0.0,0.0,0.0,0.0,0.0,0.0,0.0,0.0,0.0,0.0,4.7,0.0
legacy_wetlab_EXP5203,legacy_wetlab,EXP5203,34.3mM dmso + 414mM ectoin + 2.18M ethylene_glycol + 133mM betaine,4,0.0343,0.4145,2.18,0.0,0.0,0.0,0.0,0.0,0.0,0.0,0.0,0.1332,0.0,0.0,0.0,0.0,0.0,0.0,0.0,0.0,0.0,0.0,0.0,0.0
legacy_wetlab_EXP5204,legacy_wetlab,EXP5204,139mM ethylene_glycol + 76.6mM betaine + 4.8% pvp + 58.2% fbs,4,0.0,0.0,0.139,0.0,0.0,0.0,0.0,0.0,0.0,0.0,0.0,0.0766,0.0,0.0,0.0,0.0,0.0,0.0,0.0,4.8,0.0,58.2,0.0,0.0
legacy_wetlab_EXP5205,legacy_wetlab,EXP5205,739mM glycerol + 58.2mM proline + 2.5% dextran,3,0.0,0.0,0.0,0.7387,0.0,0.0,0.0,0.0,0.0,0.0,0.0,0.0,0.0582,0.0,0.0,0.0,0.0,0.0,2.5,0.0,0.0,0.0,0.0,0.0
legacy_wetlab_EXP5206,legacy_wetlab,EXP5206,1.39M ethylene_glycol + 134mM trehalose + 3.3% dextran,3,0.0,0.0,1.39,0.0,0.0,0.134,0.0,0.0,0.0,0.0,0.0,0.0,0.0,0.0,0.0,0.0,0.0,0.0,3.3,0.0,0.0,0.0,0.0,0.0
legacy_wetlab_EXP5207,legacy_wetlab,EXP5207,1.67M propylene_glycol + 612mM sucrose + 2.4% dextran,3,0.0,0.0,0.0,0.0,1.67,0.0,0.6118,0.0,0.0,0.0,0.0,0.0,0.0,0.0,0.0,0.0,0.0,0.0,2.4,0.0,0.0,0.0,0.0,0.0
legacy_wetlab_EXP5208,legacy_wetlab,EXP5208,25.6mM dmso + 318mM proline + 2.4% dextran,3,0.0256,0.0,0.0,0.0,0.0,0.0,0.0,0.0,0.0,0.0,0.0,0.0,0.3182,0.0,0.0,0.0,0.0,0.0,2.4,0.0,0.0,0.0,0.0,0.0
legacy_wetlab_EXP5209,legacy_wetlab,EXP5209,32.5mM dmso + 306mM ectoin + 1.65M ethylene_glycol + 24.6mM sucrose + 48.6mM betaine + 0.2% hsa,6,0.0325,0.3056,1.65,0.0,0.0,0.0,0.0246,0.0,0.0,0.0,0.0,0.0486,0.0,0.0,0.0,0.0,0.0,0.0,0.0,0.0,0.0,0.0,0.2,0.0
legacy_wetlab_EXP5210,legacy_wetlab,EXP5210,814mM ethylene_glycol + 97.7mM trehalose + 399mM betaine + 1.2% dextran,4,0.0,0.0,0.8143,0.0,0.0,0.0977,0.0,0.0,0.0,0.0,0.0,0.3994,0.0,0.0,0.0,0.0,0.0,0.0,1.2,0.0,0.0,0.0,0.0,0.0
legacy_wetlab_EXP5211,legacy_wetlab,EXP5211,88.5mM betaine + 75.6% fbs,2,0.0,0.0,0.0,0.0,0.0,0.0,0.0,0.0,0.0,0.0,0.0,0.0885,0.0,0.0,0.0,0.0,0.0,0.0,0.0,0.0,0.0,75.6,0.0,0.0
legacy_wetlab_EXP6101,legacy_wetlab,EXP6101,33mM dmso + 306mM ectoin + 2.04M ethylene_glycol + 11.3% fbs,4,0.033,0.3064,2.04,0.0,0.0,0.0,0.0,0.0,0.0,0.0,0.0,0.0,0.0,0.0,0.0,0.0,0.0,0.0,0.0,0.0,0.0,11.3,0.0,0.0
legacy_wetlab_EXP6102,legacy_wetlab,EXP6102,44.5mM dmso + 306mM ectoin + 2.04M ethylene_glycol + 11.2% fbs,4,0.0445,0.3064,2.04,0.0,0.0,0.0,0.0,0.0,0.0,0.0,0.0,0.0,0.0,0.0,0.0,0.0,0.0,0.0,0.0,0.0,0.0,11.2,0.0,0.0
legacy_wetlab_EXP6103,legacy_wetlab,EXP6103,44.5mM dmso + 306mM ectoin + 2.25M ethylene_glycol + 12.4% fbs,4,0.0445,0.3064,2.25,0.0,0.0,0.0,0.0,0.0,0.0,0.0,0.0,0.0,0.0,0.0,0.0,0.0,0.0,0.0,0.0,0.0,0.0,12.4,0.0,0.0
legacy_wetlab_EXP6104,legacy_wetlab,EXP6104,55.5mM dmso + 307mM ectoin + 2.25M ethylene_glycol + 12.4% fbs,4,0.0555,0.3067,2.25,0.0,0.0,0.0,0.0,0.0,0.0,0.0,0.0,0.0,0.0,0.0,0.0,0.0,0.0,0.0,0.0,0.0,0.0,12.4,0.0,0.0
legacy_wetlab_EXP6105,legacy_wetlab,EXP6105,1.38M propylene_glycol + 224mM sucrose,2,0.0,0.0,0.0,0.0,1.38,0.0,0.2245,0.0,0.0,0.0,0.0,0.0,0.0,0.0,0.0,0.0,0.0,0.0,0.0,0.0,0.0,0.0,0.0,0.0
legacy_wetlab_EXP6106,legacy_wetlab,EXP6106,834mM ethylene_glycol + 6% pvp,2,0.0,0.0,0.8345,0.0,0.0,0.0,0.0,0.0,0.0,0.0,0.0,0.0,0.0,0.0,0.0,0.0,0.0,0.0,0.0,6.0,0.0,0.0,0.0,0.0
legacy_wetlab_EXP7101,legacy_wetlab,EXP7101,285mM ectoin + 2.01M ethylene_glycol + 5.4% fbs,3,0.0,0.2848,2.01,0.0,0.0,0.0,0.0,0.0,0.0,0.0,0.0,0.0,0.0,0.0,0.0,0.0,0.0,0.0,0.0,0.0,0.0,5.4,0.0,0.0
legacy_wetlab_EXP7102,legacy_wetlab,EXP7102,30.1mM dmso + 286mM ectoin + 1.9M ethylene_glycol + 4.6% fbs,4,0.0301,0.2858,1.9,0.0,0.0,0.0,0.0,0.0,0.0,0.0,0.0,0.0,0.0,0.0,0.0,0.0,0.0,0.0,0.0,0.0,0.0,4.6,0.0,0.0
legacy_wetlab_EXP7103,legacy_wetlab,EXP7103,39.2mM dmso + 287mM ectoin + 1.9M ethylene_glycol + 4.5% fbs,4,0.0392,0.2866,1.9,0.0,0.0,0.0,0.0,0.0,0.0,0.0,0.0,0.0,0.0,0.0,0.0,0.0,0.0,0.0,0.0,0.0,0.0,4.5,0.0,0.0
legacy_wetlab_EXP7104,legacy_wetlab,EXP7104,17mM dmso + 303mM ectoin + 2.1M ethylene_glycol + 2.7% fbs,4,0.017,0.3032,2.1,0.0,0.0,0.0,0.0,0.0,0.0,0.0,0.0,0.0,0.0,0.0,0.0,0.0,0.0,0.0,0.0,0.0,0.0,2.7,0.0,0.0
legacy_wetlab_EXP7105,legacy_wetlab,EXP7105,285mM ectoin + 1.81M ethylene_glycol + 4.9% fbs,3,0.0,0.2848,1.81,0.0,0.0,0.0,0.0,0.0,0.0,0.0,0.0,0.0,0.0,0.0,0.0,0.0,0.0,0.0,0.0,0.0,0.0,4.9,0.0,0.0
legacy_wetlab_EXP7106,legacy_wetlab,EXP7106,30.1mM dmso + 286mM ectoin + 2.09M ethylene_glycol + 5.1% fbs,4,0.0301,0.2858,2.09,0.0,0.0,0.0,0.0,0.0,0.0,0.0,0.0,0.0,0.0,0.0,0.0,0.0,0.0,0.0,0.0,0.0,0.0,5.1,0.0,0.0
legacy_wetlab_EXP7107,legacy_wetlab,EXP7107,6.1mM dmso + 265mM ectoin + 2.16M ethylene_glycol + 5.9% fbs,4,0.0061,0.2648,2.16,0.0,0.0,0.0,0.0,0.0,0.0,0.0,0.0,0.0,0.0,0.0,0.0,0.0,0.0,0.0,0.0,0.0,0.0,5.9,0.0,0.0
legacy_wetlab_EXP7108,legacy_wetlab,EXP7108,39.2mM dmso + 287mM ectoin + 2.09M ethylene_glycol + 5% fbs,4,0.0392,0.2866,2.09,0.0,0.0,0.0,0.0,0.0,0.0,0.0,0.0,0.0,0.0,0.0,0.0,0.0,0.0,0.0,0.0,0.0,0.0,5.0,0.0,0.0
legacy_wetlab_EXP7109,legacy_wetlab,EXP7109,6% pvp + 46% fbs,2,0.0,0.0,0.0,0.0,0.0,0.0,0.0,0.0,0.0,0.0,0.0,0.0,0.0,0.0,0.0,0.0,0.0,0.0,0.0,6.0,0.0,46.0,0.0,0.0
legacy_wetlab_EXP7110,legacy_wetlab,EXP7110,2.15M propylene_glycol + 349mM sucrose,2,0.0,0.0,0.0,0.0,2.15,0.0,0.3492,0.0,0.0,0.0,0.0,0.0,0.0,0.0,0.0,0.0,0.0,0.0,0.0,0.0,0.0,0.0,0.0,0.0
legacy_wetlab_EXP7111,legacy_wetlab,EXP7111,139mM ethylene_glycol + 76.6mM betaine + 6% pvp + 72.8% fbs,4,0.0,0.0,0.139,0.0,0.0,0.0,0.0,0.0,0.0,0.0,0.0,0.0766,0.0,0.0,0.0,0.0,0.0,0.0,0.0,6.0,0.0,72.8,0.0,0.0
legacy_wetlab_EXP7112,legacy_wetlab,EXP7112,487mM ethylene_glycol + 5.4% pvp,2,0.0,0.0,0.4868,0.0,0.0,0.0,0.0,0.0,0.0,0.0,0.0,0.0,0.0,0.0,0.0,0.0,0.0,0.0,0.0,5.4,0.0,0.0,0.0,0.0
legacy_wetlab_EXP8101,legacy_wetlab,EXP8101,362mM ectoin + 1.94M ethylene_glycol + 6.6% fbs,3,0.0,0.362,1.94,0.0,0.0,0.0,0.0,0.0,0.0,0.0,0.0,0.0,0.0,0.0,0.0,0.0,0.0,0.0,0.0,0.0,0.0,6.6,0.0,0.0
legacy_wetlab_EXP8102,legacy_wetlab,EXP8102,26.9mM dmso + 341mM ectoin + 1.89M ethylene_glycol + 6.2% fbs,4,0.0269,0.3412,1.89,0.0,0.0,0.0,0.0,0.0,0.0,0.0,0.0,0.0,0.0,0.0,0.0,0.0,0.0,0.0,0.0,0.0,0.0,6.2,0.0,0.0
legacy_wetlab_EXP8103,legacy_wetlab,EXP8103,35.8mM dmso + 337mM ectoin + 1.86M ethylene_glycol + 6.4% fbs,4,0.0358,0.3372,1.86,0.0,0.0,0.0,0.0,0.0,0.0,0.0,0.0,0.0,0.0,0.0,0.0,0.0,0.0,0.0,0.0,0.0,0.0,6.4,0.0,0.0
legacy_wetlab_EXP8104,legacy_wetlab,EXP8104,408mM ectoin + 2.06M ethylene_glycol + 7.1% fbs,3,0.0,0.4083,2.06,0.0,0.0,0.0,0.0,0.0,0.0,0.0,0.0,0.0,0.0,0.0,0.0,0.0,0.0,0.0,0.0,0.0,0.0,7.1,0.0,0.0
legacy_wetlab_EXP8105,legacy_wetlab,EXP8105,380mM ectoin + 1.83M ethylene_glycol + 3% fbs,3,0.0,0.3802,1.83,0.0,0.0,0.0,0.0,0.0,0.0,0.0,0.0,0.0,0.0,0.0,0.0,0.0,0.0,0.0,0.0,0.0,0.0,3.0,0.0,0.0
legacy_wetlab_EXP8106,legacy_wetlab,EXP8106,1.53M ethylene_glycol + 150mM proline + 7.2% pvp + 33.9% fbs + 1.4% hsa,5,0.0,0.0,1.53,0.0,0.0,0.0,0.0,0.0,0.0,0.0,0.0,0.0,0.1495,0.0,0.0,0.0,0.0,0.0,0.0,7.2,0.0,33.9,1.4,0.0
legacy_wetlab_EXP8107,legacy_wetlab,EXP8107,704mM dmso + 125mM sucrose,2,0.704,0.0,0.0,0.0,0.0,0.0,0.125,0.0,0.0,0.0,0.0,0.0,0.0,0.0,0.0,0.0,0.0,0.0,0.0,0.0,0.0,0.0,0.0,0.0
legacy_wetlab_EXP8108,legacy_wetlab,EXP8108,616mM dmso + 100mM sucrose,2,0.616,0.0,0.0,0.0,0.0,0.0,0.1,0.0,0.0,0.0,0.0,0.0,0.0,0.0,0.0,0.0,0.0,0.0,0.0,0.0,0.0,0.0,0.0,0.0
legacy_wetlab_EXP9101,legacy_wetlab,EXP9101,250mM ectoin + 1.65M ethylene_glycol + 9.6% fbs,3,0.0,0.25,1.65,0.0,0.0,0.0,0.0,0.0,0.0,0.0,0.0,0.0,0.0,0.0,0.0,0.0,0.0,0.0,0.0,0.0,0.0,9.6,0.0,0.0
legacy_wetlab_EXP9102,legacy_wetlab,EXP9102,17mM dmso + 254mM ectoin + 1.65M ethylene_glycol + 9.4% fbs,4,0.017,0.2539,1.65,0.0,0.0,0.0,0.0,0.0,0.0,0.0,0.0,0.0,0.0,0.0,0.0,0.0,0.0,0.0,0.0,0.0,0.0,9.4,0.0,0.0
legacy_wetlab_EXP9103,legacy_wetlab,EXP9103,36.2mM dmso + 266mM ectoin + 1.66M ethylene_glycol + 8.6% fbs,4,0.0362,0.2659,1.66,0.0,0.0,0.0,0.0,0.0,0.0,0.0,0.0,0.0,0.0,0.0,0.0,0.0,0.0,0.0,0.0,0.0,0.0,8.6,0.0,0.0
legacy_wetlab_EXP9104,legacy_wetlab,EXP9104,250mM ectoin + 1.48M ethylene_glycol + 8.7% fbs,3,0.0,0.25,1.48,0.0,0.0,0.0,0.0,0.0,0.0,0.0,0.0,0.0,0.0,0.0,0.0,0.0,0.0,0.0,0.0,0.0,0.0,8.7,0.0,0.0
legacy_wetlab_EXP9105,legacy_wetlab,EXP9105,250mM ectoin + 1.81M ethylene_glycol + 10.6% fbs,3,0.0,0.25,1.81,0.0,0.0,0.0,0.0,0.0,0.0,0.0,0.0,0.0,0.0,0.0,0.0,0.0,0.0,0.0,0.0,0.0,0.0,10.6,0.0,0.0
legacy_wetlab_EXP9106,legacy_wetlab,EXP9106,241mM ectoin + 1.39M ethylene_glycol + 9.3% fbs,3,0.0,0.2409,1.39,0.0,0.0,0.0,0.0,0.0,0.0,0.0,0.0,0.0,0.0,0.0,0.0,0.0,0.0,0.0,0.0,0.0,0.0,9.3,0.0,0.0
legacy_wetlab_EXP9107,legacy_wetlab,EXP9107,1.53M ethylene_glycol + 150mM proline + 7.2% pvp + 33.9% fbs,4,0.0,0.0,1.53,0.0,0.0,0.0,0.0,0.0,0.0,0.0,0.0,0.0,0.1495,0.0,0.0,0.0,0.0,0.0,0.0,7.2,0.0,33.9,0.0,0.0
legacy_wetlab_EXP9108,legacy_wetlab,EXP9108,2.3M propylene_glycol + 374mM sucrose,2,0.0,0.0,0.0,0.0,2.3,0.0,0.3741,0.0,0.0,0.0,0.0,0.0,0.0,0.0,0.0,0.0,0.0,0.0,0.0,0.0,0.0,0.0,0.0,0.0
v2_237544a25f30,wetlab_feedback:ROUND_001,cand_001465,,3,0.0,0.3035149160773067,1.947808827250884,0.0,0.0,0.0,0.0,0.0,0.0,0.0,0.0,0.0,0.0,0.0,0.0,0.0,0.0,0.0,0.0,0.0,0.0,0.0,9.316828139709228,0.0
v2_da5df4899b60,wetlab_feedback:ROUND_001,cand_000754,,7,0.0,0.0,0.0,0.0,0.0,0.094484303,0.0,0.0,0.0,0.0,0.0,0.4662070318226662,0.0,0.4126551897470503,0.0,0.0,0.0,0.0,6.810169666269752,17.603098949716866,0.8342988867126859,7.125758643493314,0.0,0.0
v2_21a3a498433e,wetlab_feedback:ROUND_001,cand_001471,,1,0.0,0.0,0.0,0.0,0.0,0.0,0.0,0.0,0.0,0.0,0.0,0.4908631570755598,0.0,0.0,0.0,0.0,0.0,0.0,0.0,0.0,0.0,0.0,0.0,0.0
v2_e0e6b16a3f20,wetlab_feedback:ROUND_001,cand_001389,,5,0.0,0.3956137271878303,0.0,0.0,0.0,0.401626763833068,0.3317047741665574,0.0,0.0,0.0,0.0,0.0,0.0,0.0,0.0236856718991648,0.0,0.0,0.0,0.0,0.0,0.0,9.292967359,0.0,0.0
v2_19eed4dca0d3,wetlab_feedback:ROUND_001,cand_000440,,7,0.091630203,0.1543076713047095,0.0,0.0,0.0,0.4834735693174652,0.0,0.0,0.0,0.0,0.0,0.0,0.0,0.0,0.019664741,0.0,0.0,0.0,5.853099045855236,17.360345888650443,0.9976485941215104,0.0,0.0,0.0
v2_2eead01c8392,wetlab_feedback:ROUND_001,cand_001027,,8,0.0,0.3605271843832445,0.0,0.1853715199151118,0.0,0.0,0.0,0.0,0.0,0.0,0.0,0.0175430468718685,0.4432614470960219,0.066104668,0.004765245,0.0,0.0,0.0,8.347854319240385,0.0,0.8477155540953429,0.0,0.0,0.0
v2_4a0cb1ead8d1,wetlab_feedback:ROUND_001,cand_001486,,7,0.051429559,0.0,0.375426046,0.0,0.0,0.3520058496572545,0.3189466003824683,0.0,0.0,0.0,0.0,0.0,0.079383057,0.4508612274467428,0.0,0.0,0.0,0.0,7.212729897808976,0.0,0.0542436669520883,0.0,0.0,0.0
v2_6b7389efb1b5,wetlab_feedback:ROUND_001,cand_001227,,7,0.099285136,0.3937221083693463,0.0,0.0,0.1517996000228061,0.0,0.0,0.0,0.0,0.0,0.0,0.2647619256052412,0.0,0.4838870652371413,0.0,0.0,0.0,0.0,0.0,0.0,0.9273155245090484,1.184390852842464,0.0,0.0
v2_a803deb82ca6,wetlab_feedback:ROUND_001,cand_000585,,8,0.097401415,0.3786864332732261,0.0,0.0,0.0,0.0,0.1272736058930045,0.0,0.0,0.0,0.0,0.0,0.3674627943888496,0.0,0.026655113,0.0,0.0,0.0,4.652473356338291,0.0,0.0,6.590592328025533,8.684994925258765,0.0
v2_49123b81735d,wetlab_feedback:ROUND_001,cand_000280,,2,0.0,0.0,0.0,0.0,0.002061542,0.0,0.0,0.0,0.0,0.0,0.0,0.0,0.0,0.0,0.0,0.0,0.0,0.0,0.0,11.970569780865324,0.0,0.0,0.0,0.0
v2_b9ae21107fa4,wetlab_feedback:ROUND_001,cand_001920,,7,0.0,0.0,0.0,0.0,0.0,0.4212156104041252,0.4741207628781291,0.0,0.0,0.0,0.0,0.0,0.0,0.0,0.0129677391091254,0.0,0.0,0.0,0.0,15.698226615285964,0.9874143241465968,4.5764432748917026,6.531873822,0.0
v2_a2b4c2d7b0b6,wetlab_feedback:ROUND_001,cand_001369,,6,0.0,0.0,0.3293284185657993,0.0,0.0,0.1566613396501857,0.0,0.0,0.0,0.0,0.0,0.0,0.3275065908009627,0.442237342327749,0.023145099,0.0,0.0,0.0,0.0,0.0,0.0,0.0,7.451170598503605,0.0
